majalahforexmalaysia.com,225,bazoom,@olena_seo_links
businesslist.my,417,Red Heads,@olena_seo_links
tekkaus.com,177,Red Heads,@olena_seo_links
thailand-business-news.com,670,bazoom,@olena_seo_links
journal.com.ph,193,Red Heads,@olena_seo_links
nasilemaktech.com,365,bazoom,@olena_seo_links
techporn.ph,142,Red Heads,@olena_seo_links
coinlore.com,300,contact@coinlore.com,@olena_seo_links
cj.my,192,Red Heads,@olena_seo_links
getinkspired.com,99,Red Heads,@olena_seo_links
valiantceo.com,305,Red Heads,@olena_seo_links
Alltechbuzz.net,305,Red Heads,@olena_seo_links
,70,,
,"115,88",,
,"Витрати факт: 2354,08$",,@olena_seo_links
banglacyber.com,251,Red Heads,@olena_seo_links
getinkspired.com,99,Red Heads,@olena_seo_links
journal.com.ph,193,Red Heads,@olena_seo_links
majalahforexmalaysia.com,225,Bazoom,@olena_seo_links
wonderfulmalaysia.com,250,advertise@wonderfulmalaysia.com,@olena_seo_links
coinlore.com,300,contact@coinlore.com,@olena_seo_links
techporn.ph,142,Red Heads,@olena_seo_links
gamingdeputy.co,230,Red Heads,@olena_seo_links
valiantceo.com,305,Red Heads,@olena_seo_links
tekkaus.com,177,Red Heads,@olena_seo_links
,70,,
,"72,77",,
,"Витрати факт: 2464,45$",,@olena_seo_links
Marketingtrips.com,300,help@marketingtrips.com,@olena_seo_links
wonderfulmalaysia.com,250,advertise@wonderfulmalaysia.com,@olena_seo_links
Thongtinduan.com,123,Red Heads,@olena_seo_links
majalahforexmalaysia.com,225,bazoom,@olena_seo_links
valiantceo.com,305,Red Heads,@olena_seo_links
gamevui.org,87,Red Heads,@olena_seo_links
techporn.ph,142,bazoom,@olena_seo_links
anonyviet.com,144,Red Heads,@olena_seo_links
phebinhvanhoc.com.vn,345,bazoom,@olena_seo_links
gvnvh18.net,345,bazoom,@olena_seo_links
,70,,
,"89,59",,
,"Витрати факт: 3068,26$",,@olena_seo_links
brightsideofnews.com,160,marketing@brightsideofnews.com,@olena_seo_links
Alltechbuzz.net	,305,Red Heads,@olena_seo_links
coinlore.com,300,contact@coinlore.com,@olena_seo_links
gamingdeputy.com,230,Red Heads,@olena_seo_links
valiantceo.com,305,Red Heads,@olena_seo_links
hapskorea.com,100,info@hapskorea.com,@olena_seo_links
cj.my,192,Red Heads,@olena_seo_links
journal.com.ph,193,Red Heads,@olena_seo_links
sugbo.ph,750,awisee,@olena_seo_links
footyroom.co,268,Red Heads,@olena_seo_links
,70,,
,"78,68",,
,"Витрати факт: 2891,00$",,@olena_seo_links
bakchormeeboy.com,267,bazoom,@anastasia_seo_links
darilaut.id,460,bazoom,@anastasia_seo_links
brightsideofnews.com,100,marketing@brightsideofnews.com,@anastasia_seo_links
alightmotionmodpro.com,354,awisee,@anastasia_seo_links
tremeritus.net,216,bazoom,@anastasia_seo_links
nestia.com,590,bazoom,@anastasia_seo_links
finehomesandliving.com,150,info@fine-magazine.com,@anastasia_seo_links
warstek.com,175,bazoom,@anastasia_seo_links
bangsaonline.com,239,bazoom,@anastasia_seo_links
ngobrolgames.com,180,Ihsan,@anastasia_seo_links
,70,,
,90,,
,"Витрати факт: 4070,00$",,@olena_seo_links
tfipost.com,375,Евгений,@olena_seo_links
newsbytes.ph,560,awisee,@olena_seo_links
conventuslaw.com,560,awisee,@olena_seo_links
journal.com.ph,560,awisee,@olena_seo_links
businessdiary.com.ph,560,awisee,@olena_seo_links
astig.ph,560,awisee,@olena_seo_links
lyricsgoo.com,100,Евгений,@olena_seo_links
techfelts.com,100,Евгений,@olena_seo_links
valiantceo.com,305,Red Heads,@olena_seo_links
coinlore.com,300,contact@coinlore.com,@olena_seo_links
,70,,
,20,,
,"Витрати факт: 3070,00$",,@olena_seo_links
riaugreen.com,3000,awisee,@olena_seo_links
darilaut.id,,awisee,@olena_seo_links
faktualnews.co,,awisee,@olena_seo_links
indonews.id,,awisee,@olena_seo_links
ngobrolgames.com,,awisee,@olena_seo_links
suarakalbar.co.id,,awisee,@olena_seo_links
bangsaonline.com,,awisee,@olena_seo_links
radarsumbar.com,,awisee,@olena_seo_links
Bicaraberita.com,,awisee,@olena_seo_links
abadikini.com,,awisee,@olena_seo_links
,70,,
,0,,
,"Витрати факт: 6102,00$",,@olena_seo_links
thailand-business-news.com,750,awisee,@anastasia_seo_links
brilliantread.com,137,Лана,@anastasia_seo_links
techfelts.com,100,Евгений,@anastasia_seo_links
tensportstv.com,144,Лана,@anastasia_seo_links
journal.com.ph,750,awisee,@anastasia_seo_links
viestories.com,250,Лана,@anastasia_seo_links
thebiographywala.com,100,SEOBridge,@anastasia_seo_links
hindiyaro.org,100,Евгений,@anastasia_seo_links
i3siam.com,750,awisee,@anastasia_seo_links
promotions.co.th,750,awisee,@anastasia_seo_links
2madames.com,750,awisee,@anastasia_seo_links
adslthailand.com,750,awisee,@anastasia_seo_links
sgmenusprice.net,221,Bazoom,@anastasia_seo_links
stylescute.com,150,admin@stylescute.com,@anastasia_seo_links
techzeel.net,300,techzeelinfo@gmail.com,@anastasia_seo_links
,70,,
,30,,
,"Витрати факт: 3615,00$",,@olena_seo_links
trangcongnghe.vn,225,Ihsan,@anastasia_seo_links
gvnvh18.net,285,bazoom,@anastasia_seo_links
modpure.tv,340,bazoom,@anastasia_seo_links
trangcongnghe.com.vn,560,awisee,@anastasia_seo_links
danchoitienao.com,560,awisee,@anastasia_seo_links
hindiyaro.org,198,RH,@anastasia_seo_links
indiainputs.com,,RH,@anastasia_seo_links
tintucbitcoin.com,560,awisee,@anastasia_seo_links
vietgiaitri.com,560,awisee,@anastasia_seo_links
songdep.com.vn,560,awisee,@anastasia_seo_links
,70,,
,20,,
,"Витрати факт: 2870,00$",,@olena_seo_links
afyonkenthaber.com,350,Red Heads,@olena_seo_links
karsmanset.com,350,Red Heads,@olena_seo_links
gazetevan.com,350,advertise@wonderfulmalaysia.com,@olena_seo_links
muhendistan.com,350,Red Heads,@olena_seo_links
inat-box-apk.com.tr,350,Red Heads,@olena_seo_links
teknolojioku.com,350,Red Heads,@olena_seo_links
aydin24haber.com,350,Bazoom,@olena_seo_links
leadergamer.com.tr,350,Red Heads,@olena_seo_links
oceanofgames.com,358,Red Heads,@lera_seo_links
asia-basket.com,273,Bazoom,@lera_seo_links
wonderfulmalaysia.com,255,Red Heads,@lera_seo_links
footyroom.co,268,Red Heads,@lera_seo_links
gcashworld.com,198,,@lera_seo_links
villagepipol.com,251,,@lera_seo_links
modpure.tv,306,,@lera_seo_links
gamingdeputy.com,241,Red Heads,@lera_seo_links
abadikini.com,123,Red Hads,@lera_seo_links
bakchormeeboy.com,"183,6",Red Heads,@lera_seo_links
asamigames.com,198,Red Heads,@lera_seo_links
centerklik.com,207,Red Heads,@lera_seo_links
,70,Red Heads,
,225,Red Heads,
,"Витрати факт: 2751,00$",Red Heads,@lera_seo_links
gamingdeputy.com,241,Red Hads,@lera_seo_links
Streetbounty.com,200,Red Heads,@lera_seo_links
footyroom.co,268,,@lera_seo_links
asia-basket.com,273,,@lera_seo_links
abadikini.com,123,,@lera_seo_links
villagepipol.com,251,Red Hads,@lera_seo_links
oceanofgames.com,358,Red Hads,@lera_seo_links
asamigames.com,198,Red Heads,@lera_seo_links
cj.my,192,Red Heads,@lera_seo_links
centerklik.com,207,Red Heads,@lera_seo_links
,70,Bazoom,
,178,Bazoom,
,"Витрати факт: 3016,00$",Bazoom,@lera_seo_links
cj.my,192,Bazoom,@lera_seo_links
Streetbounty.com,200,marketing@brightsideofnews.com,@lera_seo_links
footyroom.co,268,,@lera_seo_links
oceanofgames.com,358,,@lera_seo_links
villagepipol.com,251,,@lera_seo_links
nasilemaktech.com,365,Red Hads,@lera_seo_links
modpure.tv,339,Red Hads,@lera_seo_links
bakchormeeboy.com,205,Red Heads,@lera_seo_links
tremeritus.net,225,Red Heads,@lera_seo_links
brightsideofnews.com,80,Red Hads,@lera_seo_links
,70,Red Hads,
,190,Red Hads,
,"Витрати факт: 2897,00$",Red Hads,@lera_seo_links
asia-basket.com,273,advertise@wonderfulmalaysia.com,@lera_seo_links
tekkaus.com,177,Red Heads,@lera_seo_links
dreamsports.tv,144,,@lera_seo_links
villagepipol.com,251,,@lera_seo_links
Streetbounty.com,200,,@lera_seo_links
higgsdominorp.pro,268,Panoptic Media,@lera_seo_links
abadikini.com,123,Panoptic Media,@lera_seo_links
oceanofgames.com,358,Red Heads,@lera_seo_links
wonderfulmalaysia.com,255,Red Heads,@lera_seo_links
gcashworld.com,198,Red Heads,@lera_seo_links
,70,SEO Bridge,
,190,Red Heads,
,"Витрати факт: 3546,00$",Bazoom,@zhanna_seo_links
yelu.sg,350,Red Heads,@zhanna_seo_links
tremeritus.net,450,Bazoom,@zhanna_seo_links
businesslist.my,417,,@zhanna_seo_links
gamingdeputy.com,241,,@zhanna_seo_links
journal.com.ph,193,,@zhanna_seo_links
hindiyaro.org,100,Awisee,@zhanna_seo_links
oceanofgames.com,385,Awisee,@zhanna_seo_links
opencourt-basketball.com,348,Awisee,@zhanna_seo_links
asia-basket.com,273,Awisee,@zhanna_seo_links
sgmenusprice.net,294,Awisee,@zhanna_seo_links
,70,Awisee,
,185,Awisee,
,"Витрати факт: 5848,00$",Awisee,@zhanna_seo_links
villagepipol.com,625,Red Heads,@zhanna_seo_links
metronewscentral.net,625,Red Heads,@zhanna_seo_links
worldofvolley.com,625,,@zhanna_seo_links
fintechnews.ph,625,,@zhanna_seo_links
gsmchina.com,625,,@zhanna_seo_links
streetbounty.com,625,RedHead,@zhanna_seo_links
auralcrave.com,625,Bazoom,@zhanna_seo_links
sunstar.com.ph,625,Bazoom,@zhanna_seo_links
asia-basket.com,273,Bazoom,@zhanna_seo_links
dreamsports.tv,144,Red Heads,@zhanna_seo_links
,"87,5",Red Heads,
,38,WMlinks,
,"Витрати факт: 5280,00$",Red Heads,@zhanna_seo_links
valiantceo.com,305,Red Heads,@zhanna_seo_links
techduffer.com,162,Bazoom,@zhanna_seo_links
infotempatmenarik.my,312,Bazoom,@zhanna_seo_links
europeanbusinessreview.com,435,Red Heads,@zhanna_seo_links
computersmarketing.com,251,Bazoom,@zhanna_seo_links
mediapract.com,198,WMlinks,@zhanna_seo_links
mydiginest.com,200,Евгений,@zhanna_seo_links
Achishayari.com,251,,@zhanna_seo_links
oceanofgames.com,358,,@zhanna_seo_links
newskarnataka.com,345,,@zhanna_seo_links
feedinco.com,288,,@zhanna_seo_links
ajankari.com,143,Panoptic Media,@zhanna_seo_links
prfreeonline.com,325,Red Heads,@zhanna_seo_links
nanitalk.com,435,Bazoom,@zhanna_seo_links
lyricsdaw.com,120,Awisee,@zhanna_seo_links
,"87,5",Awisee,
,150,WMlinks,
,380,Bazoom,
,"Витрати факт: 4127,00$",help@marketingtrips.com,@zhanna_seo_links
top5saigon.com,400,WMlinks,@zhanna_seo_links
oceanofgames.com,385,Евгений,@zhanna_seo_links
travel-theworld.com,242,Ihsan,@zhanna_seo_links
thongtinduan.com,350,,@zhanna_seo_links
toithuthuat.com,350,,@zhanna_seo_links
high-tech-inspections.com,70,,@zhanna_seo_links
brademar.com,270,,@zhanna_seo_links
Marketingtrips.com,300,Awisee,@zhanna_seo_links
vgt.vn,235,Awisee,@zhanna_seo_links
lyricsgoo.com,120,Awisee,@zhanna_seo_links
trangcongnghe.vn,225,Awisee,@anastasia_seo_links
,70,Awisee,
,"114,81",Awisee,
,295,Awisee,
,"Витрати факт: 3225,00$",Awisee,@anastasia_seo_links
malzemebilimi.net,350,Евгений,@anastasia_seo_links
dikgazete.com,350,,@anastasia_seo_links
karsmanset.com,350,,@anastasia_seo_links
haberaksaray.com,350,,@anastasia_seo_links
Tele1.com.tr,350,Awisee,@anastasia_seo_links
eskisehirhaber26.com,350,Awisee,@anastasia_seo_links
gazeteekspres.com,350,Awisee,@anastasia_seo_links
vanekspres.com.tr,350,Awisee,@anastasia_seo_links
techfelts.com,120,Awisee,@anastasia_seo_links
,105,Awisee,
,0,Awisee,
,"Витрати факт: 3584,00$",Awisee,@anastasia_seo_links
teknologi.id,320,Awisee,@anastasia_seo_links
analisaaceh.com,320,Awisee,@anastasia_seo_links
bakabar.com,320,,@anastasia_seo_links
harianriau.co,320,,@anastasia_seo_links
alightmotionmodpro.com,320,,@anastasia_seo_links
journalbharat.com,320,,@anastasia_seo_links
namatin.com,320,,@anastasia_seo_links
totabuan.news,320,,@anastasia_seo_links
borobudurnews.com,320,,@anastasia_seo_links
saibumi.com,320,,@anastasia_seo_links
harianaceh.co.id,166,RedHead,@lera_seo_links
skdesu.com,407,RedHead,@lera_seo_links
Streetbounty.com,200,RedHead,@lera_seo_links
crypto-reporter.com,234,bazoom,@lera_seo_links
journalismonline.com,184,bazoom,@lera_seo_links
metronewscentral.net,"194,4",bazoom,@lera_seo_links
infotempatmenarik.my,220,bazoom,@lera_seo_links
cricadium.com,490,Lana,@lera_seo_links
nanitalk.com,465,RedHead,@lera_seo_links
kuchingborneo.info,185,Wmlinks,@lera_seo_links
posstoretracking.com,235,Wmlinks,@lera_seo_links
gsmchina.com,249,info@gsmchina.com,@lera_seo_links
,70,,
,"102,87",,
,"Витрати факт: 2794,00$",,@lera_seo_links
gcashworld.com,198,RedHead,@lera_seo_links
businesslist.my,417,RedHead,@lera_seo_links
harianaceh.co.id,166,RedHead,@lera_seo_links
skdesu.com,407,RedHead,@lera_seo_links
nasilemaktech.com,274,bazoom,@lera_seo_links
journalismonline.com,184,bazoom,@lera_seo_links
metronewscentral.net,"194,4",bazoom,@lera_seo_links
infotempatmenarik.my,220,bazoom,@lera_seo_links
cricketschedule.com,169,Lana,@lera_seo_links
,"66,5",,
,"81,16",,
,"Витрати факт: 2932,00$",,@lera_seo_links
businesslist.my,417,RedHead,@lera_seo_links
techporn.ph,142,RedHead,@lera_seo_links
harianaceh.co.id,166,RedHead,@lera_seo_links
skdesu.com,407,RedHead,@lera_seo_links
nasilemaktech.com,"273,6",bazoom,@lera_seo_links
warstek.com,140,bazoom,@lera_seo_links
journalismonline.com,184,bazoom,@lera_seo_links
metronewscentral.net,"194,4",bazoom,@lera_seo_links
infotempatmenarik.my,220,bazoom,@lera_seo_links
sixsports.in,145,SEOBridge,@lera_seo_links
,"87,5",,
,"89,86",,
,"Витрати факт: 12184,00$",,@lera_seo_links
nanitalk.com,465,RedHead,@lera_seo_links
footyroom.co,268,RedHead,@lera_seo_links
harianaceh.co.id,166,RedHead,@lera_seo_links
gcashworld.com,198,RedHead,@lera_seo_links
techporn.ph,142,RedHead,@lera_seo_links
Streetbounty.com,200,RedHead,@lera_seo_links
nasilemaktech.com,175,bazoom,@lera_seo_links
journalismonline.com,184,bazoom,@lera_seo_links
metronewscentral.net,"194,4",bazoom,@lera_seo_links
infotempatmenarik.my,220,bazoom,@lera_seo_links
,"59,5",,
,"86,47",,
,"Витрати факт: 2878,00$",,@zhanna_seo_links
saltyicecream.net,144,RedHead,@zhanna_seo_links
europeanbusinessreview.com,175,Bazoom,@zhanna_seo_links
businesslist.my,417,RedHead,@zhanna_seo_links
auralcrave.com,396,RedHead,@zhanna_seo_links
castlecrypto.gg,186,Bazoom,@zhanna_seo_links
higgsdominorp.pro,268,RedHead,@zhanna_seo_links
journal.com.ph,193,RedHead,@zhanna_seo_links
arcade-infinity.com,135,Wmlinks,@zhanna_seo_links
gcashworld.com,212,Bazoom,@zhanna_seo_links
metronewscentral.net,216,Bazoom,@zhanna_seo_links
Achishayari.com,251,RedHead,@zhanna_seo_links
eliteesportsarena.net,125,Wmlinks,@zhanna_seo_links
allchessopenings.com,100,Wmlinks,@zhanna_seo_links
,"87,5",,
,"111,36",,
,"Витрати факт: 2778,00$",,@zhanna_seo_links
smartsimregistration.net,112,RedHead,@zhanna_seo_links
europeanbusinessreview.com,175,Bazoom,@zhanna_seo_links
posstoretracking.com,235,RedHead,@zhanna_seo_links
arcade-infinity.com,135,Wmlinks,@zhanna_seo_links
valiantceo.com,305,RedHead,@zhanna_seo_links
eliteesportsarena.net,125,Wmlinks,@zhanna_seo_links
allchessopenings.com,100,Wmlinks,@zhanna_seo_links
myprintile.com,125,Wmlinks,@zhanna_seo_links
techpilipinas.com,-,PR,@zhanna_seo_links
namatin.com,95,Wmlinks Настя,@zhanna_seo_links
techporn.ph,190,Wmlinks,@zhanna_seo_links
sugbo.ph,-,PR,@zhanna_seo_links
gomosimregistration.com,251,RedHead,@zhanna_seo_links
topnews.in,225,SEO Bridge,@zhanna_seo_links
petunjuk.id,379,Mellow,@zhanna_seo_links
philnews.ph,-,PR,
,"87,5",,
,"102,1",betimate.com,
,"Витрати факт: 2830,00$",,@zhanna_seo_links
bangsaonline.com,136,Bazoom,@zhanna_seo_links
betimate.com,106,Mellow,@zhanna_seo_links
bollly4u.com,251,RedHead,@zhanna_seo_links
asianpinay.blog,105,RedHead,@zhanna_seo_links
arcade-infinity.com,251,RedHead,@zhanna_seo_links
allchessopenings.com,184,Bazoom,@zhanna_seo_links
metronewscentral.net,216,Bazoom,@zhanna_seo_links
darilaut.id,230,RedHead,@zhanna_seo_links
henof.com,540,Bazoom,@zhanna_seo_links
cricketweb.net,540,Bazoom,@zhanna_seo_links
,105,,
,85,,
,"Витрати факт: 2938,00$",,@zhanna_seo_links
thongsokythuat.vn,107,RedHead,@zhanna_seo_links
topnews.in,225,SEO Bridge,@zhanna_seo_links
posstoretracking.com,235,RedHead,@zhanna_seo_links
darilaut.id,230,RedHead,@zhanna_seo_links
cj.my,192,RedHead,@zhanna_seo_links
smartsimregistration.net,112,RedHead,@zhanna_seo_links
brademar.com,216,Bazoom,@zhanna_seo_links
kashmirpulse.com,100,SEO Bridge,@zhanna_seo_links
asian-pinay.org,130,KP,@zhanna_seo_links
gomosimregistration.com,251,RedHead,@zhanna_seo_links
gameinsight.org,325,Bazoom,@zhanna_seo_links
,"66,5",,
,"108,39",,
,"Витрати факт: 3970,00$",,@anastasia_seo_links
warstek.com,320,,@anastasia_seo_links
footyroom.co,320,,@anastasia_seo_links
centerklik.com,320,,@anastasia_seo_links
Laros.id,320,,@anastasia_seo_links
greenscene.co.id,320,,@anastasia_seo_links
leaguechannellife.net,320,,@anastasia_seo_links
kabardaerah.com,320,,@anastasia_seo_links
androbuntu.com,320,,@anastasia_seo_links
indometro.id,320,,@anastasia_seo_links
pcplus.co.id,320,,@anastasia_seo_links
,70,,
,,,
,"Витрати факт: 3270,00$",,@anastasia_seo_links
medikalakademi.com.tr,350,,@anastasia_seo_links
haberlermersin.com,350,,@anastasia_seo_links
karamanhaber.com,350,,@anastasia_seo_links
gunisigigazetesi.net,350,,@anastasia_seo_links
sondakikaizmir.com,350,,@anastasia_seo_links
sondakika-24.com,350,,@anastasia_seo_links
medyascope.tv,350,,@anastasia_seo_links
haberercis.com.tr,350,,@anastasia_seo_links
coinarbitragebot.com,400,Евайсі,@anastasia_seo_links
ebnw.net,85,Lana,@lera_seo_links
themarketperiodical.com,750,Muhammad Ihsan,@lera_seo_links
cricfit.com,325,Lana,@lera_seo_links
gurugamer.com,145,SEOBridge,@lera_seo_links
hackmd.io,160,Hyper_Crowd,@lera_seo_links
Sosomodapks.com,100,Wmlinks,@lera_seo_links
greenscene.co.id,350,Muhammad Ihsan,@lera_seo_links
en.filerox.com,235,Wmlinks,@lera_seo_links
freelogopng.com,150,contact@freelogopng.com,@lera_seo_links
moviden.com,650,Muhammad Ihsan,@lera_seo_links
cricketschedule.com,169,Lana,@lera_seo_links
asianpinay.blog,350,Awisee,@lera_seo_links
mydiginest.com,350,Awisee,@lera_seo_links
sunstar.com.ph,350,Awisee,@lera_seo_links
bestforandroid.com,349,bestiumpro@gmail.com,@lera_seo_links
,88,,
,135,,
,"579,7",,
,"Витрати факт: 3156,00$",,@lera_seo_links
manhuasy.org,326,RedHead,@lera_seo_links
en.filerox.com,235,Wmlinks,@lera_seo_links
gsmchina.com,249,info@gsmchina.com,@lera_seo_links
cutedp.org,100,ameliaava3070@gmail.com,@lera_seo_links
freelogopng.com,150,contact@freelogopng.com,@lera_seo_links
bestforandroid.com,349,bestiumpro@gmail.com,@lera_seo_links
andropalace.org,150,admin@andropalace.org,@lera_seo_links
hackmd.io,160,Hyper_Crowd,@lera_seo_links
portotheme.com,306,KP | 1xbet_LB,@lera_seo_links
b.cari.com.my,130,KP | 1xbet_LB,@lera_seo_links
gomosimregistration.com,251,RedHead,@lera_seo_links
alightmotionmodpro.com,200,Muhammad Ihsan,@lera_seo_links
,67,,
,108,,
,"Витрати факт: 4878,00$",,@lera_seo_links
tradeflock.com,375,SEOBridge,@lera_seo_links
freelogopng.com,150,contact@freelogopng.com,@lera_seo_links
themarketperiodical.com,750,Muhammad Ihsan,@lera_seo_links
cricketschedule.com,169,Lana,@lera_seo_links
gsmchina.com,249,info@gsmchina.com,@lera_seo_links
cricadium.com,490,Lana,@lera_seo_links
gurugamer.com,120,SEOBridge,@lera_seo_links
moviden.com,650,Muhammad Ihsan,@lera_seo_links
asianpinay.blog,350,Awisee,@lera_seo_links
mydiginest.com,350,Awisee,@lera_seo_links
sunstar.com.ph,350,Awisee,@lera_seo_links
bestforandroid.com,349,bestiumpro@gmail.com,@lera_seo_links
,60,,
,108,,
,"Витрати факт: 6557,00$",,@lera_seo_links
oceanofgames.com,358,RedHead,@lera_seo_links
bangparid.com,86,RedHead,@lera_seo_links
cricadium.com,490,Lana,@lera_seo_links
en.filerox.com,235,Wmlinks,@lera_seo_links
gsmchina.com,249,info@gsmchina.com,@lera_seo_links
sixsports.in,145,SEOBridge,@lera_seo_links
itgraviti.com,208,RedHead,@lera_seo_links
fameimpact.com,275,Lana,@lera_seo_links
Arfadia.com,190,Hyper_Crowd,@lera_seo_links
hackmd.io,190,Hyper_Crowd,@lera_seo_links
ink361.com,396,bazoom,@lera_seo_links
kalbaronline.com,"368,2",Muhammad Ihsan,@lera_seo_links
mydiginest.com,320,Awisee,@lera_seo_links
wrytin.com,280,Muhammad Ihsan,@lera_seo_links
technogone.com,250,Techkeymukul@gmail.com,@lera_seo_links
diwarta.com,320,Awisee,@lera_seo_links
koranperdjoeangan.com,320,Awisee,@lera_seo_links
katakini.com,320,Awisee,@lera_seo_links
fajarpendidikan.co.id,320,Awisee,@lera_seo_links
lintastungkal.com,180,Muhammad Ihsan,@lera_seo_links
waspada.id,166,Wmlinks,@lera_seo_links
,140,,
,99,,
,"Витрати факт: 5141,00$",,@Kseniia_seo_links
gurugamer.com,290,SB,@Kseniia_seo_links
colombotelegraph.com,362,SB - 135,@Kseniia_seo_links
salary.sg,259,bazoom,@Kseniia_seo_links
gamingph.com,423,KP,@Kseniia_seo_links
tfipost.com,160,Евгений,@Kseniia_seo_links
Arfadia.com,190,Hyper_Crowd,@Kseniia_seo_links
journal.com.ph,200,Евгений,@Kseniia_seo_links
hackmd.io,280,Hyper_Crowd,@Kseniia_seo_links
ink361.com,396,bazoom,@Kseniia_seo_links
alightmotionmodpro.com,160,Muhammad Ihsan,@Kseniia_seo_links
gomosimregistration.com,251,RedHead,@Kseniia_seo_links
techpilipinas.com,251,RedHead,@Kseniia_seo_links
portotheme.com,215,KP,@Kseniia_seo_links
back2gaming.com,214,Bazoom,@Kseniia_seo_links
csgocrosshairs.com,719,Wmlinks,@Kseniia_seo_links
,88,,
,135,,
,"Витрати факт: 8976,00$",,@Kseniia_seo_links
back2gaming.com,214,Bazoom,@Kseniia_seo_links
bestforandroid.com,"333,95",Lana,@Kseniia_seo_links
businesslist.ph,385,Wmlinks,@Kseniia_seo_links
portotheme.com,215,KP,@Kseniia_seo_links
gamingph.com,423,KP,@Kseniia_seo_links
pak24tv.net,175,Sam,@Kseniia_seo_links
teknogadyet.com,635,Wmlinks,@Kseniia_seo_links
carmenton.xyz,150,Sam,@Kseniia_seo_links
thecelebrays.com,240,Sam,@Kseniia_seo_links
mangalorean.com,250,info@mangalorean.com,@Kseniia_seo_links
techiexpert.com,335,Wmlinks,@Kseniia_seo_links
playoholic.com,135,Wmlinks,@Kseniia_seo_links
naasongs.in,290,SB,@Kseniia_seo_links
en.filerox.com,235,Wmlinks,@Kseniia_seo_links
businessupturn.com,340,Sam,@Kseniia_seo_links
allfunnynames.com,70,RedHead,@Kseniia_seo_links
tekkaus.com,306,KP,@Kseniia_seo_links
cutedp.org,110,Евгений,@Kseniia_seo_links
wazzup.ph,300,Awisee,@Kseniia_seo_links
werindia.com,175,SEOBridge,@Kseniia_seo_links
mycvcreator.com,300,Awisee,@Kseniia_seo_links
socialhubin.com,300,Awisee,@Kseniia_seo_links
telugupalakkad.com,300,Awisee,@Kseniia_seo_links
monomousumi.com,155,SEOBridge,@Kseniia_seo_links
asianpinay.blog,300,Awisee,@Kseniia_seo_links
,"115,5",,
,162,,
,"1870,85",,
,"Витрати факт: 3169,00$",,@Kseniia_seo_links
smestreet.in,155,Sam,@Kseniia_seo_links
playoholic.com,135,Wmlinks,@Kseniia_seo_links
tekkaus.com,306,KP,@Kseniia_seo_links
portotheme.com,215,KP,@Kseniia_seo_links
asianpinay.blog,102,RedHead,@Kseniia_seo_links
kaashivinfotech.com,110,Евгений,@Kseniia_seo_links
techpilipinas.com,251,RedHead,@Kseniia_seo_links
skdesu.com,185,Bazoom,@Kseniia_seo_links
Arfadia.com,190,Hyper_Crowd,@Kseniia_seo_links
indiainputs.com,210,Евгений,@Kseniia_seo_links
back2gaming.com,214,Bazoom,@Kseniia_seo_links
mycvcreator.com,230,Евгений,@Kseniia_seo_links
thecelebrays.com,240,Sam,@Kseniia_seo_links
hackmd.io,280,Hyper_Crowd,@Kseniia_seo_links
,70,,
,126,,
,"Витрати факт: 3837,00$",,@Kseniia_seo_links
thelivenagpur.com,150,Sam - 190,@Kseniia_seo_links
smestreet.in,155,Sam,@Kseniia_seo_links
nagpurtoday.in,90,Евгений,@Kseniia_seo_links
carmenton.xyz,150,Sam,@Kseniia_seo_links
blogthuatngu.com,350,Awisee,@Kseniia_seo_links
pak24tv.net,102,Sam - 175,@Kseniia_seo_links
howstat.com,340,Sam,@Kseniia_seo_links
muhammadniaz.net,123,Sam - 140,@Kseniia_seo_links
tapchibitcoin.io,930,Hyper_Crowd,@Kseniia_seo_links
possible11.com,80,Евгений,@Kseniia_seo_links
antimatter.vn,"244,9",KP,@Kseniia_seo_links
sunstar.com.ph,350,Awisee,@Kseniia_seo_links
asianpinay.blog,350,Awisee,@Kseniia_seo_links
,"66,5",,
,90,,
,"Витрати факт: 6907,00$",,@Kseniia_seo_links
smestreet.in,155,Sam,@Kseniia_seo_links
cutedp.org,110,Евгений,@Kseniia_seo_links
back2gaming.com,214,Bazoom,@Kseniia_seo_links
thethaiger.com,"892,5",Panoptic,@Kseniia_seo_links
andropalace.org,180,Евгений,@Kseniia_seo_links
bsc.news,"761,25",Panoptic,@Kseniia_seo_links
gamingph.com,247,KP,@Kseniia_seo_links
thecelebrays.com,240,Sam,@Kseniia_seo_links
howstat.com,340,Sam,@Kseniia_seo_links
humansofglobe.com,650,KP,@Kseniia_seo_links
businessupturn.com,340,Sam,@Kseniia_seo_links
ebnw.net,140,Sam,@Kseniia_seo_links
asianpinay.blog,480,Awisee,@Kseniia_seo_links
salaryslip.org,480,Awisee,@Kseniia_seo_links
iorbitnews.com,,Awisee,@Kseniia_seo_links
sportzbuzz.net,250,SB,@Kseniia_seo_links
mydiginest.com,480,Awisee,@Kseniia_seo_links
sunstar.com.ph,,Awisee,@Kseniia_seo_links
gsmchina.com,480,Awisee,@Kseniia_seo_links
hackmd.io,190,Hyper_Crowd,@Kseniia_seo_links
theglobalhues.com,240,Sam,@Kseniia_seo_links
,"143,5",,
,162,,
,"2344,3",,
,"Витрати факт: 4660,00$",,@anastasia_seo_links
gercektaraf.com,357,Awisee,@anastasia_seo_links
haberinioku.com.tr,340,Awisee,@anastasia_seo_links
denizlimuhabir.com,340,Awisee,@anastasia_seo_links
mersinkent.com,340,Awisee,@anastasia_seo_links
vanekspres.com.tr,230,Hyper_Crowd,@anastasia_seo_links
Serhattv.com.tr,230,Hyper_Crowd,@anastasia_seo_links
vanekspres.com.tr,330,Hyper_Crowd,@anastasia_seo_links
aykutozdemir.com.tr,332,RedHead,@anastasia_seo_links
oppotr.com,198,RedHead,@anastasia_seo_links
abprojeyonetimi.com,198,RedHead,@anastasia_seo_links
indirin.co,166,RedHead,@anastasia_seo_links
gamelevate.com,340,Awisee,@anastasia_seo_links
persianleague.com,340,Awisee,@anastasia_seo_links
coinlore.com,77,RedHead,@anastasia_seo_links
fameimpact.com,275,Lana,@lera_seo_links
manutdnews.com,300,contact@manutdnews.com,@lera_seo_links
instrumentalfx.co,275,Lana,@lera_seo_links
techedubyte.com,130,info@techedubyte.com,@lera_seo_links
devdiscourse.com,500,info@devdiscourse.com,@lera_seo_links
brightsideofnews.com,350,Awisee,@lera_seo_links
possible11.com,175,SEOBridge,@lera_seo_links
smestreet.in,155,SEOBridge,@lera_seo_links
footballexpress.in,"144,8",SEOBridge,@lera_seo_links
psuconnect.in,330,SEOBridge,@lera_seo_links
allcollectivenouns.com,25,SEOBridge,@lera_seo_links
tradeflock.com,350,SEOBridge,@lera_seo_links
,112,,
,108,,
,50,,
,105,,
playmods.net,430,Wmlinks,@lera_seo_links
,"Витрати факт: 3573,00$",,@lera_seo_links
getdroidtips.com,"368,2",Muhammad Ihsan,@lera_seo_links
techedubyte.com,130,info@techedubyte.com,@lera_seo_links
xiaomiui.net,100,admin@freeemail.biz,@lera_seo_links
mangaowl.io,335,Wmlinks,@lera_seo_links
cricadium.com,490,Lana,@lera_seo_links
fameimpact.com,275,Lana,@lera_seo_links
nubiapage.com,"368,2",Muhammad Ihsan,@lera_seo_links
storeplayapk.com,125,SEOBridge,@lera_seo_links
footballexpress.in,"144,8",SEOBridge,@lera_seo_links
allcollectivenouns.com,25,SEOBridge,@lera_seo_links
gurugamer.com,120,SEOBridge,@lera_seo_links
sixsports.in,145,SEOBridge,@lera_seo_links
,109,,
,108,,
,75,,
manhuasy.org,275,RedHead,@lera_seo_links
,"Витрати факт: 3836,00$",,@lera_seo_links
newskarnataka.com,380,Muhammad Ihsan,@lera_seo_links
techedubyte.com,130,info@techedubyte.com,@lera_seo_links
devdiscourse.com,500,info@devdiscourse.com,@lera_seo_links
xiaomiui.net,100,admin@freeemail.biz,@lera_seo_links
mangaowl.io,335,Wmlinks,@lera_seo_links
cricfit.com,325,Lana,@lera_seo_links
fameimpact.com,275,Lana,@lera_seo_links
Sosomodapks.com,100,Wmlinks,@lera_seo_links
smestreet.in,155,SEOBridge,@lera_seo_links
footballexpress.in,"144,8",SEOBridge,@lera_seo_links
psuconnect.in,330,SEOBridge,@lera_seo_links
allcollectivenouns.com,25,SEOBridge,@lera_seo_links
,102,,
,108,,
,105,,
,36,,
playmods.net,565,Wmlinks,@lera_seo_links
,"Витрати факт: 2631,00$",,@lera_seo_links
gurugamer.com,120,SEOBridge,@lera_seo_links
englishsumma.com,55,Wmlinks,@lera_seo_links
Sosomodapks.com,100,Wmlinks,@lera_seo_links
techedubyte.com,130,info@techedubyte.com,@lera_seo_links
xiaomiui.net,100,admin@freeemail.biz,@lera_seo_links
allfunnynames.com,230,Awisee,@lera_seo_links
dreamteampromos.com,578,Awisee,@lera_seo_links
ink361.com,91,Awisee,@lera_seo_links
storeplayapk.com,125,SEOBridge,@lera_seo_links
shineads.in,125,SEOBridge,@lera_seo_links
footballexpress.in,"144,8",SEOBridge,@lera_seo_links
,284,,
,99,,
,75,,
itgraviti.com,"148,5",,@lera_seo_links
,"Витрати факт: 4040,00$",,@Kseniia_seo_links
viestories.com,225,Lana,@Kseniia_seo_links
bestforandroid.com,356,Lana,@Kseniia_seo_links
instrumentalfx.co,275,Lana,@Kseniia_seo_links
sportzbuzz.net,275,SB,@Kseniia_seo_links
techwinks.com.in,225,SB,@Kseniia_seo_links
allcollectivenouns.com,25,SB,@Kseniia_seo_links
tradeflock.com,350,SB,@Kseniia_seo_links
Filmyzilla.pk,125,SEOBridge,@Kseniia_seo_links
urdughar.pk,85,Sam,@Kseniia_seo_links
eastmojo.com,275,Lana,@Kseniia_seo_links
mirrorreview.com,300,Lana,@Kseniia_seo_links
d-addicts.com,125,SB,@Kseniia_seo_links
blogearns.com,180,Hyper_Crowd,@Kseniia_seo_links
GSMchina.com,329,Hyper_Crowd,@Kseniia_seo_links
teknologi.id,185,Lana,@Kseniia_seo_links
,140,,
,140,,
,150,,
,225,,
,"Витрати факт: 6697,00$",,@Kseniia_seo_links
legalbites.in,300,SB,@Kseniia_seo_links
eastmojo.com,275,Lana,@Kseniia_seo_links
coingabbar.com,125,Lana,@Kseniia_seo_links
thelivenagpur.com,170,Евгений,@Kseniia_seo_links
possible11.com,80,Евгений,@Kseniia_seo_links
kaashivinfotech.com,100,Евгений,@Kseniia_seo_links
smestreet.in,125,Евгений,@Kseniia_seo_links
coolbio.org,100,support@gposting.com,@Kseniia_seo_links
howstat.com,300,SEOBridge,@Kseniia_seo_links
pinay-flix.com,,RedHead,@Kseniia_seo_links
andropalace.org,180,Евгений,@Kseniia_seo_links
mangaowl.io,,WMlinks,@Kseniia_seo_links
getjennypro.com,,RedHead,@Kseniia_seo_links
gurugamer.com,120,SB,@Kseniia_seo_links
theinscribermag.com,,RedHead,@Kseniia_seo_links
mirrorreview.com,300,Lana,@Kseniia_seo_links
d-addicts.com,125,SB,@Kseniia_seo_links
blogearns.com,180,Hyper_Crowd,@Kseniia_seo_links
allinonedownloader.com,190,Hyper_Crowd,@Kseniia_seo_links
teknologi.id,185,Lana,@Kseniia_seo_links
tradeflock.com,350,SB,@Kseniia_seo_links
LiveIndex.org,240,Lana,@Kseniia_seo_links
rajkotupdates.com,225,SB,@Kseniia_seo_links
storeplayapk.com,125,SB,@Kseniia_seo_links
Filmyzilla.pk,125,SB,@Kseniia_seo_links
,298,,
,225,,
,1910,,
,50,,
,54,,
,125,,
,"Витрати факт: 2523,00$",,@Kseniia_seo_links
bestforandroid.com,240,Lana,@Kseniia_seo_links
instrumentalfx.co,275,Lana,@Kseniia_seo_links
coingabbar.com,125,Lana,@Kseniia_seo_links
d-addicts.com,125,SB,@Kseniia_seo_links
trendswe.com,125,SB,@Kseniia_seo_links
tradeflock.com,350,SB,@Kseniia_seo_links
getjennypro.com,,RedHead,@Kseniia_seo_links
gurugamer.com,120,SB,@Kseniia_seo_links
theopinionatedindian.com,530,SB,@Kseniia_seo_links
theinscribermag.com,,RedHead,@Kseniia_seo_links
pak24tv.net,175,Sam,@Kseniia_seo_links
,126,,
,99,,
,105,,
,18,,
,110,,
,"Витрати факт: 3120,00$",,@Kseniia_seo_links
dailyexcelsior.com,,Lana,@Kseniia_seo_links
topnews.in,225,SEOBridge,@Kseniia_seo_links
coingabbar.com,175,Lana,@Kseniia_seo_links
theenterpriseworld.com,275,info@theenterpriseworld.com,@Kseniia_seo_links
techedubyte.com,140,info@techedubyte.com,@Kseniia_seo_links
Grandpeoples.com,120,SEOBridge,@Kseniia_seo_links
flixpress.com,530,SEOBridge,@Kseniia_seo_links
smestreet.in,155,SEOBridge,@Kseniia_seo_links
techwinks.com.in,200,SEOBridge,@Kseniia_seo_links
dotnettutorials.net,100,Евгений,@Kseniia_seo_links
trendswe.com,100,SEOBridge,@Kseniia_seo_links
gurugamer.com,120,SB,@Kseniia_seo_links
getjennypro.com,,RedHead,@Kseniia_seo_links
,112,,
,72,,
,505,,
,141,,
,"Витрати факт: 8313,00$",,@Kseniia_seo_links
thelivenagpur.com,150,Евгений,@Kseniia_seo_links
possible11.com,80,Евгений,@Kseniia_seo_links
naasongs.in,125,SB,@Kseniia_seo_links
tradeflock.com,380,SB,@Kseniia_seo_links
gurugamer.com,120,SB,@Kseniia_seo_links
theinscribermag.com,,RedHead,@Kseniia_seo_links
d-addicts.com,125,SB,@Kseniia_seo_links
blogearns.com,180,Hyper_Crowd,@Kseniia_seo_links
sbk-gold.com,529,Hyper_Crowd,@Kseniia_seo_links
tfipost.com,200,SB,@Kseniia_seo_links
allinonedownloader.com,190,Hyper_Crowd,@Kseniia_seo_links
coingabbar.com,330,SB,@Kseniia_seo_links
rajkotupdates.com,225,SB,@Kseniia_seo_links
eastmojo.com,250,Lana,@Kseniia_seo_links
mirrorreview.com,275,Lana,@Kseniia_seo_links
teknologi.id,185,Lana,@Kseniia_seo_links
LiveIndex.org,240,Lana,@Kseniia_seo_links
theopinionatedindian.com,475,SB,@Kseniia_seo_links
mangalorean.com,275,SB,@Kseniia_seo_links
dotnettutorials.net,100,Евгений,@Kseniia_seo_links
,214,,
,184,,
,2829,,
,75,,
,54,,
,180,,
,"Витрати факт: 7704,00$",,@anastasia_seo_links
ceidizleme.org,343,Awisee,@anastasia_seo_links
bedavainternet.com.tr,343,Awisee,@anastasia_seo_links
topnews.in,385,SEOBridge/225,@anastasia_seo_links
anamurekspres.com,235,WM,@anastasia_seo_links
digitalreport.com.tr,385,WM,@anastasia_seo_links
frpnet.net,385,WM,@anastasia_seo_links
tfipost.com,385,SEOBridge/175,@anastasia_seo_links
tele1.com.tr,535,WM,@anastasia_seo_links
aydinpost.com,,WM,@anastasia_seo_links
malatyadan.com,"318,75",Bazoom 370,@anastasia_seo_links
lojiport.com,"114,75",Bazoom 175,@anastasia_seo_links
superkulup.com,"140,25",Bazoom 230,@anastasia_seo_links
gazeteekspres.com,280,WM,@anastasia_seo_links
habergazetesi.com.tr,120,Avada,@anastasia_seo_links
torrents-proxy.com,360,Avada,@mykola_seo_links
userteamnames.com,80,RedHeads,@mykola_seo_links
masstamilan.tv,90,Avada,@mykola_seo_links
d-addicts.com,125,SEOBridge,@mykola_seo_links
techlogitic.net,230,Avada,@mykola_seo_links
lyncconf.com,275,SEOBridge,@mykola_seo_links
canyongross.com,177,RedHeads,@mykola_seo_links
depokpos.com,85,SEOBridge,@mykola_seo_links
newskarnataka.com,130,Avada,@mykola_seo_links
technowclub.com,130,Avada,@mykola_seo_links
thoughtsmag.com,358,RedHeads,@mykola_seo_links
meritline.com,180,Avada,@mykola_seo_links
,108,,
,210,,@anastasia_seo_links
послуги @SEOBridge,50,,@anastasia_seo_links
послуги @SEOBridge,75,,@anastasia_seo_links
,"Витрати факт: 2774,00$",,@mykola_seo_links
newskarnataka.com,130,Avada,@mykola_seo_links
filmyzilla.pk,100,SEOBridge,@mykola_seo_links
technowclub.com,130,Avada,@mykola_seo_links
starbiz.com,130,Avada,@mykola_seo_links
torrents-proxy.com,360,Avada,@mykola_seo_links
smestreet.in,115,Avada,@mykola_seo_links
mlinjectors.com,125,SEOBridge,@mykola_seo_links
henof.com,273,RedHeads,@mykola_seo_links
hindiyaro.org,198,RedHeads,@mykola_seo_links
d-addicts.com,125,SEOBridge,@mykola_seo_links
techlogitic.net,230,Avada,@mykola_seo_links
masstamilan.tv,290,Avada,@mykola_seo_links
,108,,
,210,,@anastasia_seo_links
послуги @SEOBridge,50,,@anastasia_seo_links
послуги @SEOBridge,50,,@anastasia_seo_links
послуги @SEOBridge,25,,@anastasia_seo_links
,"Витрати факт: 2633,00$",,@mykola_seo_links
d-addicts.com,125,SEOBridge,@mykola_seo_links
masstamilan.tv,90,Avada,@mykola_seo_links
naasongs.in,100,SEOBridge,@mykola_seo_links
starbiz.com,130,Avada,@mykola_seo_links
techlogitic.net,230,Avada,@mykola_seo_links
technowclub.com,130,Avada,@mykola_seo_links
mycvcreator.com,166,RedHeads,@mykola_seo_links
coingabbar.com,100,SEOBridge,@mykola_seo_links
malaysiamenus.com,85,WM,@mykola_seo_links
rajkotupdates.com,200,SEOBridge,@mykola_seo_links
lyncconf.com,265,SEOBridge,@mykola_seo_links
trendswe.com,100,SEOBridge,@mykola_seo_links
,117,,
,210,,@anastasia_seo_links
послуги @SEOBridge,50,,@anastasia_seo_links
послуги @SEOBridge,50,,@anastasia_seo_links
послуги @SEOBridge,105,,@anastasia_seo_links
,"Витрати факт: 3127,00$",,@mykola_seo_links
axeetech.com,380,Avada,@mykola_seo_links
torrents-proxy.com,360,Avada,@mykola_seo_links
starbiz.com,130,Avada,@mykola_seo_links
depokpos.com,85,SEOBridge,@mykola_seo_links
cilacap.info,155,Евгений,@mykola_seo_links
newskarnataka.com,130,Avada,@mykola_seo_links
d-addicts.com,300,Avada,@mykola_seo_links
malaysiamenus.com,85,WM,@mykola_seo_links
dailyexcelsior.com,300,lana,@mykola_seo_links
darilaut.id,210,Евгений,@mykola_seo_links
possible11.com,100,Евгений,@mykola_seo_links
,117,,
smestreet.in,210,Avada/100,@anastasia_seo_links
послуги @SEOBridge,50,,@anastasia_seo_links
послуги @SEOBridge,25,,@anastasia_seo_links
,"Витрати факт: 3510,00$",,@Kseniia_seo_links
torrents-proxy.com,360,Avada,@Kseniia_seo_links
starbiz.com,130,Avada,@Kseniia_seo_links
phlmenus.org,110,SEOBridge,@Kseniia_seo_links
thebulletintime.com,280,Avada,@Kseniia_seo_links
jammulinksnews.com,150,SEOBridge,@Kseniia_seo_links
lyncconf.com,250,SEOBridge,@Kseniia_seo_links
smestreet.in,245,Avada,@Kseniia_seo_links
indiainputs.com,220,Евгений,@Kseniia_seo_links
dailyexcelsior.com,300,lana,@Kseniia_seo_links
cricfit.com,325,lana,@Kseniia_seo_links
meritline.com,70,SEOBridge,@Kseniia_seo_links
xiaomiui.net,100,admin@freeemail.biz,@Kseniia_seo_links
newskarnataka.com,130,Avada,@Kseniia_seo_links
technowclub.com,130,Avada,@Kseniia_seo_links
mypakblog.com,200,Hyper_Crowd,@Kseniia_seo_links
,135,,
,210,,@anastasia_seo_links
@SEOBridge за апрель,135,,@Kseniia_seo_links
послуги @SEOBridge,50,,@anastasia_seo_links
послуги @SEOBridge,100,,@anastasia_seo_links
,"Витрати факт: 7340,00$",,@Kseniia_seo_links
meritline.com,180,Avada,@Kseniia_seo_links
philippinesmenu.com,125,SEOBridge,@Kseniia_seo_links
techlogitic.net,230,Avada,@Kseniia_seo_links
starbiz.com,130,Avada,@Kseniia_seo_links
masstamilan.tv,90,Avada,@Kseniia_seo_links
technowclub.com,130,Avada,@Kseniia_seo_links
torrents-proxy.com,360,Avada,@Kseniia_seo_links
thebulletintime.com,280,Avada,@Kseniia_seo_links
sgxnifty.org,665,lana,@Kseniia_seo_links
indiainputs.com,220,Евгений,@Kseniia_seo_links
lyncconf.com,275,SEOBridge,@Kseniia_seo_links
gettywallpapers.com,325,lana,@Kseniia_seo_links
technosports.co.in,183,lana,@Kseniia_seo_links
mlinjectors.com,125,SEOBridge,@Kseniia_seo_links
dailyexcelsior.com,300,lana,@Kseniia_seo_links
cricfit.com,325,lana,@Kseniia_seo_links
dragganaitool.com,530,Hyper_Crowd,@Kseniia_seo_links
thebetterwebmovement.com,530,Hyper_Crowd,@Kseniia_seo_links
savedelete.com,175,SEOBridge,@Kseniia_seo_links
tmsimregistration.com,110,Евгений,@Kseniia_seo_links
,210,,
,387,,
послуги @SEOBridge,205,,@anastasia_seo_links
послуги @SEOBridge,100,,@anastasia_seo_links
,1145,,@anastasia_seo_links
,"Витрати факт: 4111,00$",,@Kseniia_seo_links
technowclub.com,130,Avada,@Kseniia_seo_links
techlogitic.net,230,Avada,@Kseniia_seo_links
starbiz.com,130,Avada,@Kseniia_seo_links
torrents-proxy.com,360,Avada,@Kseniia_seo_links
thebulletintime.com,280,Avada,@Kseniia_seo_links
gettywallpapers.com,325,lana,@Kseniia_seo_links
dailyexcelsior.com,300,lana,@Kseniia_seo_links
dragganaitool.com,530,Hyper_Crowd,@Kseniia_seo_links
technosports.co.in,183,lana,@Kseniia_seo_links
comexlive.org,275,lana,@Kseniia_seo_links
sgxnifty.org,665,lana,@Kseniia_seo_links
,108,,
,210,,@anastasia_seo_links
послуги @SEOBridge,25,,@anastasia_seo_links
,"Витрати факт: 4428,00$",,@Kseniia_seo_links
torrents-proxy.com,360,Avada,@Kseniia_seo_links
techlogitic.net,230,Avada,@Kseniia_seo_links
thebulletintime.com,280,Avada,@Kseniia_seo_links
starbiz.com,130,Avada,@Kseniia_seo_links
d-addicts.com,125,SEOBridge,@Kseniia_seo_links
colombotelegraph.com,122,SEOBridge,@Kseniia_seo_links
cricfit.com,325,lana,@Kseniia_seo_links
Filmyzilla.pk,125,SEOBridge,@Kseniia_seo_links
freelogopng.com,175,SEOBridge,@Kseniia_seo_links
techpilipinas.com,225,lana,@Kseniia_seo_links
markmeets.com,170,Евгений,@Kseniia_seo_links
MorningDough.com,862,напрямую,@Kseniia_seo_links
savedelete.com,175,SEOBridge,@Kseniia_seo_links
,179,,
,210,,@anastasia_seo_links
послуги @SEOBridge,180,,@anastasia_seo_links
послуги @SEOBridge,100,,@anastasia_seo_links
,"Витрати факт: 6069,00$",,@Kseniia_seo_links
meritline.com,180,Avada,@Kseniia_seo_links
lyncconf.com,275,SEOBridge,@Kseniia_seo_links
thebulletintime.com,280,Avada,@Kseniia_seo_links
indiainputs.com,220,Евгений,@Kseniia_seo_links
technowclub.com,130,Avada,@Kseniia_seo_links
techlogitic.net,230,Avada,@Kseniia_seo_links
starbiz.com,130,Avada,@Kseniia_seo_links
masstamilan.tv,90,Avada,@Kseniia_seo_links
mazdakrisda.com,529,sales1@links-stream.pro,@Kseniia_seo_links
mycvcreator.com,105,RedHeads,@Kseniia_seo_links
footballexpress.in,160,SEOBridge,@Kseniia_seo_links
torrents-proxy.com,360,Avada,@Kseniia_seo_links
markmeets.com,375,Евгений,@Kseniia_seo_links
mlinjectors.com,125,SEOBridge,@Kseniia_seo_links
dragganaitool.com,530,Hyper_Crowd,@Kseniia_seo_links
dailyexcelsior.com,300,lana,@Kseniia_seo_links
cricfit.com,125,lana,@Kseniia_seo_links
phlmenus.org,225,SEOBridge,@Kseniia_seo_links
colombotelegraph.com,125,SEOBridge,@Kseniia_seo_links
Filmyzilla.pk,125,SEOBridge,@Kseniia_seo_links
,210,,
,180,,
послуги @SEOBridge,185,,@anastasia_seo_links
розміщення за лютий @egene2308,120,,@anastasia_seo_links
послуги @SEOBridge,125,,@anastasia_seo_links
,2548,,@anastasia_seo_links
,"Витрати факт: 3956,00$",,@anastasia_seo_links
digitalhub4geeks.com,107,RedHeads,@anastasia_seo_links
Adanahaber.net,144,RedHeads,@anastasia_seo_links
sondakika7.com,305,RedHeads,@anastasia_seo_links
Akhisarhaber.net,166,RedHeads,@anastasia_seo_links
gazeteemek.net,209,RedHeads,@anastasia_seo_links
gercektaraf.com,144,RedHeads,@anastasia_seo_links
andromama.com,166,RedHeads,@anastasia_seo_links
pakkadin.com,155,WM/заміна,@anastasia_seo_links
kimdirkim.com,316,RedHeads,@anastasia_seo_links
haberlerafyon.com,123,RedHeads,@anastasia_seo_links
Webtech360.com,65,WM,@anastasia_seo_links
larende.com,393,WM/заміна,@anastasia_seo_links
thethaiger.com,414,GRIT,@mykola_seo_links
salaryslip.org,414,GRIT,@mykola_seo_links
coolbio.org,128,RedHeads,@mykola_seo_links
techgyd.com,90,SEOBridge,@mykola_seo_links
technosports.co.in,225,Lana,@mykola_seo_links
hindiyaro.org,198,RedHeads,@mykola_seo_links
crictv4u.com,114,SEOBridge,@mykola_seo_links
thereaderstone.com,125,SEOBridge,@mykola_seo_links
saltyicecream.net,144,RedHeads,@mykola_seo_links
sportzbuzz.net,225,RedHeads,@mykola_seo_links
businessupturn.com,262,RedHeads,@mykola_seo_links
myfinal11.in,225,SEOBridge,@mykola_seo_links
feedinco.com,155,RedHeads,@mykola_seo_links
femalecricket.com,255,SEOBridge,@mykola_seo_links
,702,,
,480,LinksClerk,@anastasia_seo_links
,50,Lana,@anastasia_seo_links
,100,SEOBridge,@anastasia_seo_links
,25,Lana,@anastasia_seo_links
,25,SEOBridge,@anastasia_seo_links
,"Витрати факт: 3851,00$",,@mykola_seo_links
thethaiger.com,414,GRIT,@mykola_seo_links
salaryslip.org,414,GRIT,@mykola_seo_links
techgyd.com,90,SEOBridge,@mykola_seo_links
technosports.co.in,183,Lana,@mykola_seo_links
saltyicecream.net,144,RedHeads,@mykola_seo_links
computertechreviews.com,160,Hyper_Crowd,@mykola_seo_links
greenscene.co.id,144,RedHeads,@mykola_seo_links
coolbio.org,128,RedHeads,@mykola_seo_links
editorialge.com,350,Lana,@mykola_seo_links
femalecricket.com,255,SEOBridge,@mykola_seo_links
businessupturn.com,262,RedHeads,@mykola_seo_links
thereaderstone.com,125,SEOBridge,@mykola_seo_links
,485,,
Крауд 19 шт.,114,LinksClerk,@anastasia_seo_links
,75,SEOBridge,@anastasia_seo_links
,25,Lana,@anastasia_seo_links
,"Витрати факт: 3537,00$",,@mykola_seo_links
thethaiger.com,483,GRIT,@mykola_seo_links
salaryslip.org,484,GRIT,@mykola_seo_links
femalecricket.com,255,SEOBridge,@mykola_seo_links
techgyd.com,90,SEOBridge,@mykola_seo_links
saltyicecream.net,144,RedHeads,@mykola_seo_links
nettv4u.com,"213,5",SEOBridge,@mykola_seo_links
coolbio.org,128,RedHeads,@mykola_seo_links
computertechreviews.com,160,Hyper_Crowd,@mykola_seo_links
mumbaikarsperspective.com,200,Lana,@mykola_seo_links
musikcalldown.com,130,WM Links,@mykola_seo_links
techpilipinas.com,200,Lana,@mykola_seo_links
editorialge.com,350,Lana,@mykola_seo_links
,459,,
,225,LomPirogov,@anastasia_seo_links
,120,LinksClerk,@anastasia_seo_links
,75,SEOBridge,@anastasia_seo_links
,50,Lana,@anastasia_seo_links
,"Витрати факт: 4241,00$",,@mykola_seo_links
hacker9.com,250,Krasnov,@mykola_seo_links
freelogopng.com,175,SEOBridge,@mykola_seo_links
techyflavors.com,235,GRIT,@mykola_seo_links
salaryslip.org,407,GRIT,@mykola_seo_links
brightsideofnews.com,230,Muhammad Ihsan,@mykola_seo_links
techgyd.com,90,SEOBridge,@mykola_seo_links
computertechreviews.com,160,Hyper_Crowd,@mykola_seo_links
saltyicecream.net,144,RedHeads,@mykola_seo_links
metronewscentral.net,180,Евгений,@mykola_seo_links
thereaderstone.com,125,SEOBridge,@mykola_seo_links
crictv4u.com,100,SEOBridge,@mykola_seo_links
femalecricket.com,255,SEOBridge,@mykola_seo_links
technosports.co.in,183,Lana,@mykola_seo_links
cricfit.com,325,Lana,@mykola_seo_links
biosaam.com,90,Евгений,@mykola_seo_links
shayaria.com,90,Евгений,@mykola_seo_links
,325,,
,480,LinksClerk,@anastasia_seo_links
,25,Lana,@anastasia_seo_links
,100,SEOBridge,@anastasia_seo_links
,25,Lana,@anastasia_seo_links
,25,SEOBridge,@anastasia_seo_links
,"Витрати факт: 4108,00$",,@Kseniia_seo_links
thethaiger.com,286,GRIT,@Kseniia_seo_links
salaryslip.org,286,GRIT,@Kseniia_seo_links
coolbio.org,100,support@gposting.com,@Kseniia_seo_links
nettv4u.com,200,SEOBridge,@Kseniia_seo_links
femalecricket.com,255,SEOBridge,@Kseniia_seo_links
techgyd.com,90,SEOBridge,@Kseniia_seo_links
neliti.com,490,SEOBridge,@Kseniia_seo_links
myfinal11.in,225,SEOBridge,@Kseniia_seo_links
technosports.co.in,183,Lana,@Kseniia_seo_links
businessupturn.com,262,RedHeads,@Kseniia_seo_links
gamesroid.com,140,Евгений,@Kseniia_seo_links
asia-basket.com,273,RedHeads,@Kseniia_seo_links
feedinco.com,155,RedHeads,@Kseniia_seo_links
whatnetwork.ph,286,GRIT,@Kseniia_seo_links
wonderfulmalaysia.com,280,Евгений,@Kseniia_seo_links
,277,,
,300,LinksClerk,@anastasia_seo_links
,30,Hyper_Crowd,@anastasia_seo_links
,50,Lana,@anastasia_seo_links
,100,SEOBridge,@anastasia_seo_links
,"Витрати факт: 8575,00$",,@Kseniia_seo_links
thebiographywala.com,180,Hyper_Crowd,@Kseniia_seo_links
freelogopng.com,150,SEOBridge,@Kseniia_seo_links
falconebiz.com,350,Краснов,@Kseniia_seo_links
thethaiger.com,333,GRIT,@Kseniia_seo_links
neliti.com,490,SEOBridge,@Kseniia_seo_links
nettv4u.com,200,SEOBridge,@Kseniia_seo_links
whatnetwork.ph,332,GRIT,@Kseniia_seo_links
techgues.net,50,напрямую,@Kseniia_seo_links
salaryslip.org,332,GRIT,@Kseniia_seo_links
myfinal11.in,225,SEOBridge,@Kseniia_seo_links
nasilemaktech.com,150,Hyper_Crowd,@Kseniia_seo_links
shayaritwoline.com,100,SEOBridge,@Kseniia_seo_links
thereaderstone.com,100,SEOBridge,@Kseniia_seo_links
crictv4u.com,100,SEOBridge,@Kseniia_seo_links
hindiyaro.org,300,SEOBridge,@Kseniia_seo_links
businessupturn.com,262,RedHeads,@Kseniia_seo_links
urdughar.pk,150,Hyper_Crowd,@Kseniia_seo_links
Computertechreviews.com,270,Hyper_Crowd,@Kseniia_seo_links
metronewscentral.net,180,Евгений,@Kseniia_seo_links
viestories.com,200,SEOBridge,@Kseniia_seo_links
unigreet.com,100,Евгений,@Kseniia_seo_links
feedinco.com,150,Евгений,@Kseniia_seo_links
gamesroid.com,140,Евгений,@Kseniia_seo_links
wonderfulmalaysia.com,280,Евгений,@Kseniia_seo_links
menuprices.my,80,RedHeads,@Kseniia_seo_links
,885,,
,348,LinksClerk,@anastasia_seo_links
,"592,5",LomPirogov,@anastasia_seo_links
,60,Hyper_Crowd,@anastasia_seo_links
,125,Lana,@anastasia_seo_links
,200,Lana,@anastasia_seo_links
,225,SEOBridge,@anastasia_seo_links
,225,Евгений,@anastasia_seo_links
,205,SEOBridge,@anastasia_seo_links
,120,Hyper_Crowd,@anastasia_seo_links
,"Витрати факт: 4383,00$",,@Kseniia_seo_links
businesslist.ph,385,WM Links,@Kseniia_seo_links
en.filerox.com,235,WM Links,@Kseniia_seo_links
flixpress.com,144,RedHeads,@Kseniia_seo_links
thereaderstone.com,125,SEOBridge,@Kseniia_seo_links
nettv4u.com,225,SEOBridge,@Kseniia_seo_links
viestories.com,200,SEOBridge,@Kseniia_seo_links
allfunnynames.com,70,RedHeads,@Kseniia_seo_links
moviden.com,500,Евгений,@Kseniia_seo_links
salaryslip.org,429,GRIT,@Kseniia_seo_links
thethaiger.com,429,GRIT,@Kseniia_seo_links
editorialge.com,350,Lana,@Kseniia_seo_links
,217,,
,480,LinksClerk,@anastasia_seo_links
,30,Hyper_Crowd,@anastasia_seo_links
,125,Lana,@anastasia_seo_links
,75,SEOBridge,@anastasia_seo_links
,"Витрати факт: 4404,00$",,@Kseniia_seo_links
thethaiger.com,599,GRIT,@Kseniia_seo_links
thereaderstone.com,125,SEOBridge,@Kseniia_seo_links
hackmd.io,160,Hyper_Crowd,@Kseniia_seo_links
feedinco.com,150,Евгений,@Kseniia_seo_links
sgxnifty.xyz,125,SEOBridge,@Kseniia_seo_links
sgxnifty.org,665,Lana,@Kseniia_seo_links
viestories.com,200,SEOBridge,@Kseniia_seo_links
unigreet.com,100,Евгений,@Kseniia_seo_links
businessupturn.com,268,RedHeads,@Kseniia_seo_links
sportzbuzz.net,225,RedHeads,@Kseniia_seo_links
coolbio.org,100,support@gposting.com,@Kseniia_seo_links
Computertechreviews.com,190,Hyper_Crowd,@Kseniia_seo_links
metronewscentral.net,180,Евгений,@Kseniia_seo_links
,229,,
,150,LinksClerk,@anastasia_seo_links
за 01.2025,100,Евгений,@anastasia_seo_links
,50,Lana,@anastasia_seo_links
,225,SEOBridge,@anastasia_seo_links
,75,SEOBridge,@anastasia_seo_links
,60,Hyper_Crowd,@anastasia_seo_links
,"Витрати факт: 4902,00$",,@Kseniia_seo_links
trendswe.com,125,SEOBridge,@Kseniia_seo_links
techygossips.com,303,elina.linkbuilder@easypromo.org,@Kseniia_seo_links
techgues.net,50,напрямую,@Kseniia_seo_links
saltyicecream.net,144,RedHeads,@Kseniia_seo_links
technosports.co.in,225,Lana,@Kseniia_seo_links
coolbio.org,100,support@gposting.com,@Kseniia_seo_links
gamesroid.com,350,Muhammad Ihsan,@Kseniia_seo_links
nasilemaktech.com,150,Hyper_Crowd,@Kseniia_seo_links
ngobrolgames.com,180,Muhammad Ihsan,@Kseniia_seo_links
userteamnames.com,80,RedHeads,@Kseniia_seo_links
oflox.com,280,Avada,@Kseniia_seo_links
isaiminia.com,60,Avada,@Kseniia_seo_links
thehansindia.com,530,Avada,@Kseniia_seo_links
menuprices.my,80,RedHeads,@Kseniia_seo_links
Computertechreviews.com,190,Hyper_Crowd,@Kseniia_seo_links
myfinal11.in,275,SEOBridge,@Kseniia_seo_links
crictv4u.com,115,SEOBridge,@Kseniia_seo_links
odishabytes.com,300,Краснов,@Kseniia_seo_links
wonderfulmalaysia.com,280,Евгений,@Kseniia_seo_links
unigreet.com,100,Евгений,@Kseniia_seo_links
,702,,
,348,LinksClerk,@anastasia_seo_links
,"727,5",LomPirogov,@anastasia_seo_links
,30,Hyper_Crowd,@anastasia_seo_links
,144,Lana,@anastasia_seo_links
,200,Lana,@anastasia_seo_links
,75,Lana,@anastasia_seo_links
,50,Lana,@anastasia_seo_links
,75,SEOBridge,@anastasia_seo_links
,60,Hyper_Crowd,@anastasia_seo_links
,"Витрати факт: 10741,00$",,@anastasia_seo_links
ogghaber.net,290,GRIT,@anastasia_seo_links
pamukkalehaber.com,290,GRIT,@anastasia_seo_links
haberdenizli.com,290,GRIT,@anastasia_seo_links
gamer.com.tr,290,GRIT,@anastasia_seo_links
dikgazete.com,290,GRIT,@anastasia_seo_links
larende.com,290,RedHeads,@anastasia_seo_links
koinmedya.com,290,GRIT,@anastasia_seo_links
nasil-yazilir.com,290,Krasnov,@anastasia_seo_links
adanahabermerkezi.com,290,GRIT,@anastasia_seo_links
bizdekalmasin.com,293,Krasnov,@anastasia_seo_links
mmsrn.com,285,Juicify,@anastasia_seo_links
akasyam.com,210,Juicify,@anastasia_seo_links
loyalshayar.com,86,RedHeads,@anastasia_seo_links
Shayaritwoline.com,251,RedHeads,@anastasia_seo_links
sociallykeeda.com,368,Muhammad Ihsan,@mykola_seo_links
englishoverview.com,52,Krasnov,@mykola_seo_links
technoxyz.com,367,Muhammad Ihsan,@mykola_seo_links
mobilebd.co,600,SEOBridge,@mykola_seo_links
thedailyguardian.com,248,Muhammad Ihsan,@mykola_seo_links
thedigitalweekly.com,90,Krasnov,@mykola_seo_links
thebiographywala.com,100,SEOBridge,@mykola_seo_links
ngobrolgames.com,180,Muhammad Ihsan,@mykola_seo_links
mytechcode.com,40,Krasnov,@mykola_seo_links
hacker9.com,170,Krasnov,@mykola_seo_links
theglobalhues.com,300,Muhammad Ihsan,@mykola_seo_links
mumbaikarsperspective.com,200,Lana,@mykola_seo_links
chaseyoursport.com,209,Krasnov,@mykola_seo_links
sportsdigest.in,392,Krasnov,@mykola_seo_links
infobdtech.com,41,SEOBridge,@mykola_seo_links
tfipost.com,250,Muhammad Ihsan,@mykola_seo_links
theopinionatedindian.com,200,Lana,@mykola_seo_links
nagpurtoday.in,292,Krasnov,@mykola_seo_links
,710,,
,480,LinksClerk,@anastasia_seo_links
,75,Lana,@anastasia_seo_links
,130,SEOBridge,@anastasia_seo_links
,"Витрати факт: 4537,00$",,@mykola_seo_links
kulfiy.com,237,Muhammad Ihsan,@mykola_seo_links
ngobrolgames.com,180,Muhammad Ihsan,@mykola_seo_links
technoxyz.com,367,Muhammad Ihsan,@mykola_seo_links
menumixue.id,110,Krasnov,@mykola_seo_links
englishoverview.com,52,Krasnov,@mykola_seo_links
mobilebd.co,600,SEOBridge,@mykola_seo_links
markmeets.com,273,RedHeads,@mykola_seo_links
mytechcode.com,40,Krasnov,@mykola_seo_links
mumbaikarsperspective.com,200,Lana,@mykola_seo_links
thebiographywala.com,50,SEOBridge,@mykola_seo_links
hacker9.com,170,Krasnov,@mykola_seo_links
tfipost.com,250,Muhammad Ihsan,@mykola_seo_links
thoughtsmag.com,358,RedHeads,@mykola_seo_links
tradeflock.com,350,Lana,@mykola_seo_links
theopinionatedindian.com,200,Lana,@mykola_seo_links
myusernamelist.org,90,Евгений,@mykola_seo_links
techysumo.com,367,Muhammad Ihsan,@mykola_seo_links
infobdtech.com,41,SEOBridge,@mykola_seo_links
,702,,
,114,LinksClerk,@anastasia_seo_links
,75,Lana,@anastasia_seo_links
,80,SEOBridge,@anastasia_seo_links
,"Витрати факт: 4325,00$",,@mykola_seo_links
thebiographywala.com,50,SEOBridge,@mykola_seo_links
mobilebd.co,600,SEOBridge,@mykola_seo_links
thedigitalweekly.com,90,Krasnov,@mykola_seo_links
thoughtsmag.com,358,RedHeads,@mykola_seo_links
theopinionatedindian.com,200,Lana,@mykola_seo_links
mytechcode.com,40,Krasnov,@mykola_seo_links
theglobalhues.com,300,Muhammad Ihsan,@mykola_seo_links
technoxyz.com,350,Muhammad Ihsan,@mykola_seo_links
henof.com,70,Krasnov,@mykola_seo_links
Userteamnames.com,80,RedHeads,@mykola_seo_links
tfipost.com,250,Muhammad Ihsan,@mykola_seo_links
colombotelegraph.com,110,SEOBridge,@mykola_seo_links
infobdtech.com,42,SEOBridge,@mykola_seo_links
hacker9.com,170,Krasnov,@mykola_seo_links
nubiapage.com,468,Muhammad Ihsan,@mykola_seo_links
englishoverview.com,54,Krasnov,@mykola_seo_links
sportsdigest.in,392,Krasnov,@mykola_seo_links
technosports.co.in,240,Krasnov,@mykola_seo_links
,601,,
,120,LinksClerk,@anastasia_seo_links
,"517,5",LomPirogov,@anastasia_seo_links
,25,Lana,@anastasia_seo_links
,105,SEOBridge,@anastasia_seo_links
,"Витрати факт: 5068,00$",,@Kseniia_seo_links
unigreet.com,0,Евгений,@Kseniia_seo_links
menumixue.id,110,Krasnov,@Kseniia_seo_links
englishoverview.com,110,Krasnov,@Kseniia_seo_links
nettv4u.com,213,SEOBridge,@Kseniia_seo_links
thebiographywala.com,100,SEOBridge,@Kseniia_seo_links
brotechnologyx.com,138,WHL,@Kseniia_seo_links
mobilebd.co,540,SEOBridge,@Kseniia_seo_links
techfelts.com,0,Евгений,@Kseniia_seo_links
mytechcode.com,100,Krasnov,@Kseniia_seo_links
odishabytes.com,180,Krasnov,@Kseniia_seo_links
expertfreeprediction.com,125,Krasnov,@Kseniia_seo_links
sportsunfold.com,210,Krasnov,@Kseniia_seo_links
victorspredict.com,100,SEOBridge,@Kseniia_seo_links
hindiyaro.org,0,Евгений,@Kseniia_seo_links
captionsfest.com,100,Hyper_Crowd,@Kseniia_seo_links
smestreet.in,175,Евгений,@Kseniia_seo_links
fakedetail.com,350,Krasnov,@Kseniia_seo_links
nerdbot.com,60,Lana,@Kseniia_seo_links
theglobalhues.com,300,Muhammad Ihsan,@Kseniia_seo_links
Theopinionatedindian.com,200,Lana,@Kseniia_seo_links
,824,,
,480,LinksClerk,@anastasia_seo_links
,243,Muhammad Ihsan,@anastasia_seo_links
,50,Lana,@anastasia_seo_links
,130,SEOBridge,@anastasia_seo_links
,"Витрати факт: 3876,00$",,@Kseniia_seo_links
brightsideofnews.com,230,Muhammad Ihsan,@Kseniia_seo_links
englishoverview.com,110,Krasnov,@Kseniia_seo_links
odishabytes.com,180,Krasnov,@Kseniia_seo_links
sportsunfold.com,210,Krasnov,@Kseniia_seo_links
allofinsta.com,100,Krasnov,@Kseniia_seo_links
theglobalhues.com,300,Muhammad Ihsan,@Kseniia_seo_links
thoughtsmag.com,358,RedHeads,@Kseniia_seo_links
infobdtech.com,40,SEOBridge,@Kseniia_seo_links
techporn.ph,170,WM Links,@Kseniia_seo_links
thebiographywala.com,100,SEOBridge,@Kseniia_seo_links
victorspredict.com,100,SEOBridge,@Kseniia_seo_links
mobilebd.co,540,SEOBridge,@Kseniia_seo_links
itsonlycricket.com,250,Muhammad Ihsan,@Kseniia_seo_links
thedigitalweekly.com,109,Krasnov,@Kseniia_seo_links
hacker9.com,293,Krasnov,@Kseniia_seo_links
,491,,
,300,LinksClerk,@anastasia_seo_links
,135,SEOBridge,@anastasia_seo_links
,"Витрати факт: 6862,00$",,@Kseniia_seo_links
englishoverview.com,110,Krasnov,@Kseniia_seo_links
odishabytes.com,300,Krasnov,@Kseniia_seo_links
sportsunfold.com,210,Krasnov,@Kseniia_seo_links
asianmoviepulse.com,100,Krasnov,@Kseniia_seo_links
allofinsta.com,100,Krasnov,@Kseniia_seo_links
flixpress.com,144,RedHeads,@Kseniia_seo_links
fakedetail.com,350,Krasnov,@Kseniia_seo_links
brightsideofnews.com,230,Muhammad Ihsan,@Kseniia_seo_links
mumbaikarsperspective.com,200,Lana,@Kseniia_seo_links
thoughtsmag.com,358,RedHeads,@Kseniia_seo_links
techporn.ph,170,WM Links,@Kseniia_seo_links
nerdbot.com,60,Lana,@Kseniia_seo_links
mobilebd.co,540,SEOBridge,@Kseniia_seo_links
victorspredict.com,100,SEOBridge,@Kseniia_seo_links
saltyicecream.net,144,RedHeads,@Kseniia_seo_links
userteamnames.com,80,RedHeads,@Kseniia_seo_links
itsonlycricket.com,250,Muhammad Ihsan,@Kseniia_seo_links
theglobalhues.com,300,Muhammad Ihsan,@Kseniia_seo_links
ngobrolgames.com,180,Muhammad Ihsan,@Kseniia_seo_links
infobdtech.com,40,SEOBridge,@Kseniia_seo_links
Theopinionatedindian.com,200,Lana,@Kseniia_seo_links
Sosomodapks.com,135,WM Links,@Kseniia_seo_links
oceanofgames.com,358,RedHeads,@Kseniia_seo_links
nubiapage.com,260,Евгений,@Kseniia_seo_links
xiaomiui.net,225,admin@freeemail.biz,@Kseniia_seo_links
,767,,
,348,LinksClerk,
,"592,5",LomPirogov,@anastasia_seo_links
,75,Lana,@anastasia_seo_links
,110,SEOBridge,@anastasia_seo_links
,"Витрати факт: 3476,00$",,@Kseniia_seo_links
thedigitalweekly.com,75,Krasnov,@Kseniia_seo_links
sportsunfold.com,210,Krasnov,@Kseniia_seo_links
allofinsta.com,100,Krasnov,@Kseniia_seo_links
pinay-flix.com,203,RedHeads,@Kseniia_seo_links
fakedetail.com,250,Krasnov,@Kseniia_seo_links
theglobalhues.com,300,Muhammad Ihsan,@Kseniia_seo_links
gamesroid.com,350,Muhammad Ihsan,@Kseniia_seo_links
mumbaikarsperspective.com,200,Lana,@Kseniia_seo_links
markmeets.com,170,Евгений,@Kseniia_seo_links
thebiographywala.com,100,SEOBridge,@Kseniia_seo_links
victorspredict.com,100,SEOBridge,@Kseniia_seo_links
shayaritwoline.com,55,SEOBridge,@Kseniia_seo_links
allonlinebanglanewspapers.com,75,Евгений,@Kseniia_seo_links
asianmoviepulse.com,,Krasnov,@Kseniia_seo_links
saltyicecream.net,144,RedHeads,@Kseniia_seo_links
userteamnames.com,80,RedHeads,@Kseniia_seo_links
,459,,
,480,LinksClerk,@anastasia_seo_links
,50,Lana,@anastasia_seo_links
,75,SEOBridge,@anastasia_seo_links
,"Витрати факт: 53,00$",,@Kseniia_seo_links
,,,@Kseniia_seo_links
,,,@Kseniia_seo_links
,,,@Kseniia_seo_links
,,,@Kseniia_seo_links
,,,@Kseniia_seo_links
,,,@Kseniia_seo_links
,,,@Kseniia_seo_links
,,,@Kseniia_seo_links
,,,@Kseniia_seo_links
,,,@Kseniia_seo_links
,,,@Kseniia_seo_links
,,,@Kseniia_seo_links
,,,@Kseniia_seo_links
,,,@Kseniia_seo_links
,,,@Kseniia_seo_links
,,,@Kseniia_seo_links
,,,@Kseniia_seo_links
,53,,
,,,@anastasia_seo_links
,"Витрати факт: 281,00$",,@Kseniia_seo_links
,,,@Kseniia_seo_links
,,,@Kseniia_seo_links
,,,@Kseniia_seo_links
,,,@Kseniia_seo_links
,,,@Kseniia_seo_links
,,,@Kseniia_seo_links
,,,@Kseniia_seo_links
,,,@Kseniia_seo_links
,,,@Kseniia_seo_links
,,,@Kseniia_seo_links
,,,@Kseniia_seo_links
,,,@Kseniia_seo_links
,,,@Kseniia_seo_links
,,,@Kseniia_seo_links
,,,@Kseniia_seo_links
,,,@Kseniia_seo_links
,,,@Kseniia_seo_links
,,,@Kseniia_seo_links
,,,@Kseniia_seo_links
,,,@Kseniia_seo_links
,0,,
,,,
,"Витрати факт: 7274,00$",,@anastasia_seo_links
devdoping.az,281,RedHeads,@anastasia_seo_links
saglamqal.az,166,RedHeads,@anastasia_seo_links
xalqxeber.az,281,RedHeads,@anastasia_seo_links
statuslar.az,283,RedHeads,@anastasia_seo_links
shineads.in,59,SEOBridge,@anastasia_seo_links
flasgazetesi.com.tr,222,GRIT,@anastasia_seo_links
tehsil.com.az,251,RedHeads,@anastasia_seo_links
emedicodiary.com,150,SEOBridge,@anastasia_seo_links
sozluk.az,144,RedHeads,@anastasia_seo_links
malatyaguncel.com,222,GRIT,@anastasia_seo_links
asayisgazetesi.com.tr,190,Krasnov,@anastasia_seo_links
unyenethaber.com,190,Krasnov,@anastasia_seo_links
ngobrolgames.com,180,Muhammad Ihsan,@anastasia_seo_links
cricketschedule.com,144,Lana,@anastasia_seo_links
d-addicts.com,125,SEOBridge,@anastasia_seo_links
mlinjectors.com,100,SEOBridge,@anastasia_seo_links
henof.com,273,RedHeads,@anastasia_seo_links
hindiyaro.org,198,RedHeads,@anastasia_seo_links
coingabbar.com,125,SEOBridge,@anastasia_seo_links
lawbhoomi.com,175,SEOBridge,@anastasia_seo_links
xiaomiui.net,100,admin@freeemail.biz,@anastasia_seo_links
viestories.com,200,SEOBridge,@anastasia_seo_links
comexlive.org,270,Lana,@anastasia_seo_links
colombotelegraph.com,122,SEOBridge,@anastasia_seo_links
freelogopng.com,175,SEOBridge,@anastasia_seo_links
asianmoviepulse.com,100,Krasnov,@anastasia_seo_links
markmeets.com,273,RedHeads,@anastasia_seo_links
technosports.co.in,200,Lana,@anastasia_seo_links
sportzbuzz.net,225,RedHeads,@anastasia_seo_links
businessupturn.com,262,RedHeads,@anastasia_seo_links
allofinsta.com,100,Krasnov,@anastasia_seo_links
femalecricket.com,300,SEOBridge,@anastasia_seo_links
mumbaikarsperspective.com,200,Lana,@anastasia_seo_links
urbanasian.com,86,RedHeads,@mykola_seo_links
filmik.blog,132,RedHeads,@mykola_seo_links
pinay-flix.com,203,RedHeads,@mykola_seo_links
techpilipinas.com,251,RedHeads,@mykola_seo_links
kulfiy.com,220,Muhammad Ihsan,@mykola_seo_links
thehansindia.com,430,Avada,@mykola_seo_links
techysumo.com,350,Muhammad Ihsan,@mykola_seo_links
unigreet.com,100,Евгений,@mykola_seo_links
businesslist.ph,121,WM Links,@mykola_seo_links
sportsunfold.com,188,Krasnov,@mykola_seo_links
markmeets.com,145,WM Links,@mykola_seo_links
itsonlycricket.com,250,Muhammad Ihsan,@mykola_seo_links
nubiapage.com,450,Muhammad Ihsan,@mykola_seo_links
getintopc.com,250,GRIT,@mykola_seo_links
nsnewsindia.com,93,Krasnov,@mykola_seo_links
gamesroid.com,146,Krasnov,@mykola_seo_links
flixpress.com,144,RedHeads,@mykola_seo_links
techwinks.com.in,115,SEOBridge,@mykola_seo_links
brotechnologyx.com,138,WHL,@mykola_seo_links
technewsgather.com,138,WHL,@mykola_seo_links
,726,,
Малайзия 80 шт,480,LinksClerk,@anastasia_seo_links
,300,LomPirogov,@anastasia_seo_links
Оплата за публікацію,250,SEOBridge,@mykola_seo_links
Розміщення 2 посилань @sofiya_bylina (09),454,RedHeads,@mykola_seo_links
,"Витрати факт: 4005,00$",,@mykola_seo_links
imnepal.com,200,Krasnov,@mykola_seo_links
pinay-flix.com,203,RedHeads,@mykola_seo_links
getintopc.com,250,GRIT,@mykola_seo_links
nsnewsindia.com,93,Krasnov,@mykola_seo_links
itsonlycricket.com,250,Muhammad Ihsan,@mykola_seo_links
userteamnames.com,80,RedHeads,@mykola_seo_links
whatnetworksph.com,200,GRIT,@mykola_seo_links
techpilipinas.com,251,RedHeads,@mykola_seo_links
businessconnectindia.in,"292,25",Krasnov,@mykola_seo_links
appledaily.com,188,Krasnov,@mykola_seo_links
sportsunfold.com,188,Krasnov,@mykola_seo_links
nagpurtoday.in,292,Krasnov,@mykola_seo_links
techwinks.com.in,115,SEOBridge,@mykola_seo_links
thehansindia.com,430,Avada,@mykola_seo_links
urbanasian.com,86,RedHeads,@mykola_seo_links
gamesroid.com,"145,5",Krasnov,@mykola_seo_links
feedinco.com,172,RedHeads,@mykola_seo_links
filmik.blog,132,RedHeads,@mykola_seo_links
brotechnologyx.com,138,WHL,@mykola_seo_links
technewsgather.com,138,WHL,@mykola_seo_links
,617,,
Мянма 39 шт,234,LinksClerk,@anastasia_seo_links
,"Витрати факт: 4889,00$",,@mykola_seo_links
imnepal.com,"213,75",Krasnov,@mykola_seo_links
getintopc.com,250,GRIT,@mykola_seo_links
nagpurtoday.in,292,Krasnov,@mykola_seo_links
nsnewsindia.com,93,Krasnov,@mykola_seo_links
urbanasian.com,86,RedHeads,@mykola_seo_links
businesslist.ph,121,WM Links,@mykola_seo_links
filmik.blog,132,RedHeads,@mykola_seo_links
Azjankari.com,200,Hyper_Crowd,@mykola_seo_links
thereaderstone.com,115,SEOBridge,@mykola_seo_links
markmeets.com,145,WM Links,@mykola_seo_links
sociallykeeda.com,350,Muhammad Ihsan,@mykola_seo_links
gamesroid.com,146,Krasnov,@mykola_seo_links
techwinks.com.in,42,SEOBridge,@mykola_seo_links
sportsunfold.com,188,Krasnov,@mykola_seo_links
techysumo.com,350,Muhammad Ihsan,@mykola_seo_links
kulfiy.com,220,Muhammad Ihsan,@mykola_seo_links
brotechnologyx.com,138,WHL,@mykola_seo_links
Newssow.com,328,WHL,@mykola_seo_links
feedinco.com,172,RedHeads,@mykola_seo_links
possible11.com,161,Krasnov,@mykola_seo_links
,687,,
,,LinksClerk,@anastasia_seo_links
,518,LomPirogov,@anastasia_seo_links
,"Витрати факт: 4339,00$",,@Kseniia_seo_links
urbanasian.com,86,RedHeads,@Kseniia_seo_links
techpilipinas.com,251,RedHeads,@Kseniia_seo_links
weather.org.in,144,RedHeads,@Kseniia_seo_links
pinay-flix.com,203,RedHeads,@Kseniia_seo_links
whatnetworksph.com,143,GRIT,@Kseniia_seo_links
getintopc.com,205,GRIT,@Kseniia_seo_links
businesslist.ph,385,WM Links,@Kseniia_seo_links
markmeets.com,145,WM Links,@Kseniia_seo_links
sportsbyte.co.uk,110,GRIT,@Kseniia_seo_links
kabarjombang.com,99,GRIT,@Kseniia_seo_links
uni.xyz,40,SEOBridge,@Kseniia_seo_links
colombotelegraph.com,135,SEOBridge,@Kseniia_seo_links
technewsgather.com,138,WHL,@Kseniia_seo_links
nasilemaktech.com,150,Hyper_Crowd,@Kseniia_seo_links
lawbhoomi.com,150,SEOBridge,@Kseniia_seo_links
legalbites.in,300,SEOBridge,@Kseniia_seo_links
emedicodiary.com,355,SEOBridge,@Kseniia_seo_links
highlifeng.com,330,SEOBridge,@Kseniia_seo_links
pojoksatu.id,125,SEOBridge,@Kseniia_seo_links
sportzbuzz.net,225,RedHeads,@Kseniia_seo_links
,753,,
Индонезия 80 шт,480,LinksClerk,@anastasia_seo_links
,300,LomPirogov,@anastasia_seo_links
,,,@anastasia_seo_links
,"Витрати факт: 3946,00$",,@Kseniia_seo_links
urbanasian.com,86,RedHeads,@Kseniia_seo_links
en.filerox.com,122,WM Links,@Kseniia_seo_links
sportsbyte.co.uk,150,GRIT,@Kseniia_seo_links
whatnetworksph.com,110,GRIT,@Kseniia_seo_links
getintopc.com,250,GRIT,@Kseniia_seo_links
techysumo.com,350,Muhammad Ihsan,@Kseniia_seo_links
kulfiy.com,220,Muhammad Ihsan,@Kseniia_seo_links
sociallykeeda.com,350,Muhammad Ihsan,@Kseniia_seo_links
lawbhoomi.com,175,SEOBridge,@Kseniia_seo_links
shineads.in,125,SEOBridge,@Kseniia_seo_links
highlifeng.com,300,SEOBridge,@Kseniia_seo_links
ceenaija.com,120,SEOBridge,@Kseniia_seo_links
hindiyaro.org,198,RedHeads,@Kseniia_seo_links
technewsgather.com,138,WHL,@Kseniia_seo_links
socialtricks.net,138,WHL,@Kseniia_seo_links
,418,,
Крауд 70 шт,420,LinksClerk,@anastasia_seo_links
,300,LomPirogov,@anastasia_seo_links
,"Витрати факт: 4175,00$",,@Kseniia_seo_links
urbanasian.com,86,RedHeads,@Kseniia_seo_links
,,,@Kseniia_seo_links
weather.org.in,144,RedHeads,@Kseniia_seo_links
shineads.in,0,SEOBridge,@Kseniia_seo_links
,,,@Kseniia_seo_links
techysumo.com,350,Muhammad Ihsan,@Kseniia_seo_links
waspada.id,185,WM Links,@Kseniia_seo_links
markmeets.com,145,WM Links,@Kseniia_seo_links
kulfiy.com,220,Muhammad Ihsan,@Kseniia_seo_links
nsnewsindia.com,60,Krasnov,@Kseniia_seo_links
nagpurtoday.in,,Krasnov,@Kseniia_seo_links
,,,@Kseniia_seo_links
,,,@Kseniia_seo_links
sportzbuzz.net,225,RedHeads,@Kseniia_seo_links
Azjankari.com,200,Hyper_Crowd,@Kseniia_seo_links
,,,@Kseniia_seo_links
uni.xyz,40,SEOBridge,@Kseniia_seo_links
Henof.com,199,SEOBridge,@Kseniia_seo_links
lawbhoomi.com,175,SEOBridge,@Kseniia_seo_links
colombotelegraph.com,135,SEOBridge,@Kseniia_seo_links
highlifeng.com,300,SEOBridge,@Kseniia_seo_links
ceenaija.com,120,SEOBridge,@Kseniia_seo_links
,,,@Kseniia_seo_links
,,,@Kseniia_seo_links
,,,@Kseniia_seo_links
,560,,
,348,,
,"592,5",,@anastasia_seo_links
,"Витрати факт: 4216,00$",,@Kseniia_seo_links
sportsbyte.co.uk,150,GRIT,@Kseniia_seo_links
whatnetworksph.com,110,GRIT,@Kseniia_seo_links
getintopc.com,250,GRIT,@Kseniia_seo_links
techysumo.com,350,Muhammad Ihsan,@Kseniia_seo_links
kulfiy.com,220,Muhammad Ihsan,@Kseniia_seo_links
sociallykeeda.com,350,Muhammad Ihsan,@Kseniia_seo_links
nsnewsindia.com,60,Krasnov,@Kseniia_seo_links
falconebiz.com,75,Krasnov,@Kseniia_seo_links
urdughar.pk,150,Hyper_Crowd,@Kseniia_seo_links
Computertechreviews.com,190,Hyper_Crowd,@Kseniia_seo_links
mypakblog.com,100,Hyper_Crowd,@Kseniia_seo_links
Henof.com,199,SEOBridge,@Kseniia_seo_links
lawbhoomi.com,175,SEOBridge,@Kseniia_seo_links
shineads.in,125,SEOBridge,@Kseniia_seo_links
sharesprediction.com,115,WHL,@Kseniia_seo_links
uni.xyz,40,SEOBridge,@Kseniia_seo_links
feedinco.com,172,RedHeads,@Kseniia_seo_links
socialtricks.net,138,WHL,@Kseniia_seo_links
,559,,
Камбоджа 80 шт,480,LinksClerk,@anastasia_seo_links
,,,@Kseniia_seo_links
,,,@Kseniia_seo_links
,,,@Kseniia_seo_links
,,,@Kseniia_seo_links
,,,@Kseniia_seo_links
,,,@Kseniia_seo_links
,,,@Kseniia_seo_links
,,,@Kseniia_seo_links
,,,@Kseniia_seo_links
,,,@Kseniia_seo_links
,,,@Kseniia_seo_links
,,,@Kseniia_seo_links
,,,@Kseniia_seo_links
,,,@Kseniia_seo_links
,,,@Kseniia_seo_links
,,,@Kseniia_seo_links
,,,@Kseniia_seo_links
,,,
,,,@anastasia_seo_links
,,,@Kseniia_seo_links
,,,@Kseniia_seo_links
,,,@Kseniia_seo_links
,,,@Kseniia_seo_links
,,,@Kseniia_seo_links
,,,@Kseniia_seo_links
,,,@Kseniia_seo_links
,,,@Kseniia_seo_links
,,,@Kseniia_seo_links
,,,@Kseniia_seo_links
,,,@Kseniia_seo_links
,,,@Kseniia_seo_links
,,,@Kseniia_seo_links
,,,@Kseniia_seo_links
,,,@Kseniia_seo_links
,,,@Kseniia_seo_links
,,,@Kseniia_seo_links
,,,@Kseniia_seo_links
,,,@Kseniia_seo_links
,,,@Kseniia_seo_links
,,,
,,,
,300,LomPirogov,@anastasia_seo_links
,"Витрати факт: 9188,00$",,@anastasia_seo_links
yuxuyozmalari.az,305,RedHeads,@anastasia_seo_links
burcler.az,305,RedHeads,@anastasia_seo_links
oyuncaq.net,198,RedHeads,@anastasia_seo_links
gazetevan.com,175,SEOBridge,@anastasia_seo_links
dusuncekatalogu.com,100,Krasnov,@anastasia_seo_links
inat-box-apk.com.tr,100,Krasnov,@anastasia_seo_links
ogghaber.net,210,Krasnov,@anastasia_seo_links
nagpurtoday.in,330,Krasnov,@anastasia_seo_links
az24saat.org,100,Krasnov,@anastasia_seo_links
analar.az,150,Krasnov,@anastasia_seo_links
coinarbitragebot.com,145,SEOBridge,@anastasia_seo_links
socialtricks.net,138,WHL,@anastasia_seo_links
indiainputs.com,198,RedHeads,@anastasia_seo_links
techpilipinas.com,251,RedHeads,@anastasia_seo_links
thebiographywala.com,100,SEOBridge,@anastasia_seo_links
sportsdigest.in,375,Krasnov,@anastasia_seo_links
technewsgather.com,138,WHL,@anastasia_seo_links
techwinks.com.in,225,SEOBridge,@anastasia_seo_links
iasdetails.com,273,WHL,@anastasia_seo_links
victorspredict.com,125,SEOBridge,@anastasia_seo_links
nasilemaktech.com,150,Hyper_Crowd,@anastasia_seo_links
brotechnologyx.com,138,WHL,@anastasia_seo_links
thehansindia.com,430,Avada,@anastasia_seo_links
weather.org.in,144,RedHeads,@anastasia_seo_links
coolbio.org,128,RedHeads,@anastasia_seo_links
urdughar.pk,150,Hyper_Crowd,@anastasia_seo_links
en.filerox.com,65,WM Links,@anastasia_seo_links
mytechcode.com,130,Krasnov,@anastasia_seo_links
techysumo.com,350,Muhammad Ihsan,@anastasia_seo_links
kulfiy.com,220,Muhammad Ihsan,@anastasia_seo_links
thereaderstone.com,125,SEOBridge,@anastasia_seo_links
sharesprediction.com,328,WHL,@anastasia_seo_links
feedinco.com,172,RedHeads,@anastasia_seo_links
vanguardngr.com,430,WM Links,@mykola_seo_links
viestories.com,250,Krasnov,@mykola_seo_links
buyucoin.com,288,Евгений,@mykola_seo_links
shayariwali.com,190,Hyper_Crowd,@mykola_seo_links
tellyexpress.com,225,SEOBridge,@mykola_seo_links
uknip.co.uk,155,RedHeads,@mykola_seo_links
europeanbusinessreview.com,209,RedHeads,@mykola_seo_links
techyflavors.com,125,SEOBridge,@mykola_seo_links
justshowbiz.net,198,Евгений,@mykola_seo_links
dotnettutorials.net,180,Hyper_Crowd,@mykola_seo_links
muhammadniaz.net,180,Hyper_Crowd,@mykola_seo_links
betimate.com,280,Hyper_Crowd,@mykola_seo_links
cricketweb.net,530,Hyper_Crowd,@mykola_seo_links
flixpress.com,144,RedHeads,@mykola_seo_links
namescastle.com,200,Hyper_Crowd,@mykola_seo_links
islandecho.co.uk,405,WM Links,@mykola_seo_links
mypakblog.com,100,Hyper_Crowd,@mykola_seo_links
mediahindustan.com,251,RedHeads,@mykola_seo_links
possible11.com,161,Krasnov,@mykola_seo_links
theandroidapk.com,90,Krasnov,@mykola_seo_links
,926,,
Розміщення 2 посилань WM Links (10),735,WM Links,@anastasia_seo_links
Розміщення 1 посилань @egene2308 (10),288,Евгений,@anastasia_seo_links
Розміщення 2 посилань RedHeads (10),297,RedHeads,@anastasia_seo_links
Розміщення 3 посилань @SEOBridge (11),1305,SEOBridge,@mykola_seo_links
Розміщення 5 посилань @zhenia_krasnov (11),1665,Krasnov,@mykola_seo_links
Розміщення 3 посилань @Andrey Saltan (11),1375,WHL,@mykola_seo_links
Розміщення 3 посилань @sofiya_bylina (11),1262,RedHeads,@mykola_seo_links
Крауд 19 шт,114,LinksClerk,@anastasia_seo_links
Крауд 150 шт,900,LinksClerk,@anastasia_seo_links
Размещение 1 статьи @SEOBridge (10),250,SEOBridge,@mykola_seo_links
Розміщення 1 посилань @SEOBridge (10),35,SEOBridge,@mykola_seo_links
Розміщення 1 посилань @saleswmlinks (10),58,WM Links,@mykola_seo_links
Розміщення 4 посилань @sofiya_bylina (10),914,RedHeads,@mykola_seo_links
Розміщення 3 посилань @zhenia_krasnov (10),580,Krasnov,@mykola_seo_links
,"Витрати факт: 11873,00$",,@mykola_seo_links
shayariwali.com,190,Hyper_Crowd,@mykola_seo_links
justshowbiz.net,198,RedHeads,@mykola_seo_links
buyucoin.com,288,Евгений,@mykola_seo_links
muhammadniaz.net,180,Hyper_Crowd,@mykola_seo_links
vanguardngr.com,430,WM Links,@mykola_seo_links
uknip.co.uk,155,RedHeads,@mykola_seo_links
viestories.com,250,Krasnov,@mykola_seo_links
islandecho.co.uk,405,WM Links,@mykola_seo_links
techyflavors.com,530,SEOBridge,@mykola_seo_links
betimate.com,280,Hyper_Crowd,@mykola_seo_links
rugbyobserver.co.uk,305,RedHeads,@mykola_seo_links
tellyexpress.com,225,SEOBridge,@mykola_seo_links
oxmag.co.uk,280,WM Links,@mykola_seo_links
theandroidapk.com,90,Krasnov,@mykola_seo_links
namescastle.com,200,Hyper_Crowd,@mykola_seo_links
dotnettutorials.net,180,Hyper_Crowd,@mykola_seo_links
europeanbusinessreview.com,209,RedHeads,@mykola_seo_links
mediahindustan.com,251,RedHeads,@mykola_seo_links
onlinegooner.com,170,WM Links,@mykola_seo_links
thehighertempopress.com,239,WM Links,@mykola_seo_links
,691,,
Розміщення 5 посилань WM Links (10),1425,WM Links,@anastasia_seo_links
Розміщення 1 посилань @egene2308 (10),288,Евгений,@anastasia_seo_links
Розміщення 2 посилань RedHeads (10),460,RedHeads,@anastasia_seo_links
Розміщення 4 посилань @SEOBridge (11),1480,SEOBridge,@mykola_seo_links
Розміщення 5 посилань @zhenia_krasnov (11),1665,Krasnov,@mykola_seo_links
Розміщення 3 посилань @Andrey Saltan (11),1375,WHL,@mykola_seo_links
Розміщення 3 посилань @sofiya_bylina (11),1262,RedHeads,@mykola_seo_links
Крауд 20 шт,120,LinksClerk,@anastasia_seo_links
Крауд 170 шт,1020,LinksClerk,@anastasia_seo_links
Лом 69 шт,518,LomPirogov,@anastasia_seo_links
Размещение 2 статей,400,SEOBridge,@mykola_seo_links
Розміщення 1 посилань @SEOBridge (10),35,SEOBridge,@mykola_seo_links
Розміщення 1 посилань @saleswmlinks (10),58,WM Links,@mykola_seo_links
Розміщення 3 посилань @sofiya_bylina (10),658,RedHeads,@mykola_seo_links
Розміщення 2 посилань @zhenia_krasnov (10),418,Krasnov,@mykola_seo_links
,"Витрати факт: 0,00$",,@Kseniia_seo_links
,145,,@Kseniia_seo_links
,430,,@Kseniia_seo_links
,225,,@Kseniia_seo_links
,285,,@Kseniia_seo_links
,275,,@Kseniia_seo_links
,225,,@Kseniia_seo_links
,225,,@Kseniia_seo_links
,180,,@Kseniia_seo_links
,220,,@Kseniia_seo_links
,350,,@Kseniia_seo_links
,500,,@Kseniia_seo_links
,40,,@Kseniia_seo_links
,60,,@Kseniia_seo_links
,320,,@Kseniia_seo_links
,250,,@Kseniia_seo_links
,,,@Kseniia_seo_links
,,,@Kseniia_seo_links
,0,,
,,,@anastasia_seo_links
,,,@anastasia_seo_links
,"Витрати факт: 8412,00$",,@Kseniia_seo_links
technoxyz.com,275,SEOBridge,@Kseniia_seo_links
techyflavors.com,530,SEOBridge,@Kseniia_seo_links
chaseyoursport.com,225,SEOBridge,@Kseniia_seo_links
tellyexpress.com,225,SEOBridge,@Kseniia_seo_links
nubiapage.com,235,SEOBridge,@Kseniia_seo_links
muhammadniaz.net,175,SEOBridge,@Kseniia_seo_links
rowdie.co.uk,175,SEOBridge,@Kseniia_seo_links
sportsdigest.in,320,Krasnov,@Kseniia_seo_links
cricketweb.net,250,Krasnov,@Kseniia_seo_links
scuderiafans.com,205,Евгений,@Kseniia_seo_links
nagpurtoday.in,90,Евгений,@Kseniia_seo_links
aiforkids.in,100,Евгений,@Kseniia_seo_links
pieandbovril.com,200,Krasnov,@Kseniia_seo_links
buyucoin.com,300,Евгений,@Kseniia_seo_links
techygossips.com,575,Muhammad Ihsan,@Kseniia_seo_links
betensured.com,276,Muhammad Ihsan,@Kseniia_seo_links
mediahindustan.com,251,RedHeads,@Kseniia_seo_links
kongotech.org,166,RedHeads,@Kseniia_seo_links
,662,,
"Розміщення 2 посилань Andrey Saltan (09, 10)",526,WHL,@anastasia_seo_links
Розміщення 2 посилання @mihsan1998 (10),851,Muhammad Ihsan,@anastasia_seo_links
Розміщення 2 посилань Redhead (10),449,RedHeads,@anastasia_seo_links
"Розміщення 4 посилань zhenia_krasnov (08,10)",1060,Krasnov,@anastasia_seo_links
Розміщення 7 посилань SEOBridge (10),1920,SEOBridge,@anastasia_seo_links
Розміщення 4 посилань @egene2308 (10),695,Евгений,@anastasia_seo_links
Розміщення 2 посилань @zhenia_krasnov (11),354,Krasnov,@anastasia_seo_links
Розміщення 6 посилань @SEOBridge (11),1115,SEOBridge,@anastasia_seo_links
Крауд 80 шт,480,LinksClerk,@anastasia_seo_links
,,,@Kseniia_seo_links
,,,@Kseniia_seo_links
,,,@Kseniia_seo_links
,,,@Kseniia_seo_links
,,,@Kseniia_seo_links
,,,@Kseniia_seo_links
,,,@Kseniia_seo_links
,,,@Kseniia_seo_links
,,,@Kseniia_seo_links
,,,@Kseniia_seo_links
,,,@Kseniia_seo_links
,,,@Kseniia_seo_links
,,,@Kseniia_seo_links
,,,@Kseniia_seo_links
,,,@Kseniia_seo_links
,,,@Kseniia_seo_links
,,,@Kseniia_seo_links
,,,
,,,@anastasia_seo_links
,,,@Kseniia_seo_links
,,,@Kseniia_seo_links
,,,@Kseniia_seo_links
,,,@Kseniia_seo_links
,,,@Kseniia_seo_links
,,,@Kseniia_seo_links
,,,@Kseniia_seo_links
,,,@Kseniia_seo_links
,,,@Kseniia_seo_links
,,,@Kseniia_seo_links
,,,@Kseniia_seo_links
,,,@Kseniia_seo_links
,,,@Kseniia_seo_links
,,,@Kseniia_seo_links
,,,@Kseniia_seo_links
,,,@Kseniia_seo_links
,,,@Kseniia_seo_links
,,,@Kseniia_seo_links
,,,@Kseniia_seo_links
,,,@Kseniia_seo_links
,,,
,,,
Лом 40 шт,300,LomPirogov,@anastasia_seo_links
,"Витрати факт: 16985,00$",,@Kseniia_seo_links
honestbettingreviews.com,200,Krasnov,@Kseniia_seo_links
axsam.az,284,RedHeads,@Kseniia_seo_links
qoshe.com,50,SEOBridge,@Kseniia_seo_links
chimpreports.com,273,WHL,@Kseniia_seo_links
batiakdeniztv.com,,Krasnov,@Kseniia_seo_links
mangaokutr.com,оплачено с депозита,Krasnov,@Kseniia_seo_links
coinmarketcal.com,450,Krasnov,@Kseniia_seo_links
anfieldindex.com,326,WHL,@Kseniia_seo_links
haberetanik.com,,Krasnov,@Kseniia_seo_links
insta-save.net,138,WHL,@Kseniia_seo_links
karekod.org,100,Krasnov,@Kseniia_seo_links
techygossips.com,575,Muhammad Ihsan,@Kseniia_seo_links
betensured.com,276,Muhammad Ihsan,@Kseniia_seo_links
technoxyz.com,275,SEOBridge,@Kseniia_seo_links
rowdie.co.uk,225,SEOBridge,@Kseniia_seo_links
chaseyoursport.com,225,SEOBridge,@Kseniia_seo_links
nubiapage.com,235,SEOBridge,@Kseniia_seo_links
worldinsport.com,260,SEOBridge,@Kseniia_seo_links
europeanbusinessreview.com,209,RedHeads,@Kseniia_seo_links
kongotech.org,166,RedHeads,@Kseniia_seo_links
justshowbiz.net,198,RedHeads,@Kseniia_seo_links
techporn.ph,142,RedHeads,@Kseniia_seo_links
london-post.co.uk,229,RedHeads,@Kseniia_seo_links
hbrcaldiran.com,179,RedHeads,@Kseniia_seo_links
dotnettutorials.net,100,Евгений,@Kseniia_seo_links
smestreet.in,125,Евгений,@Kseniia_seo_links
jbsagolf.com,160,Евгений,@Kseniia_seo_links
vanguardngr.com,330,WM Links,@Kseniia_seo_links
islandecho.co.uk,380,WM Links,@Kseniia_seo_links
pieandbovril.com,240,Krasnov,@Kseniia_seo_links
sportsunfold.com,"187,5",Krasnov,@Kseniia_seo_links
cricketweb.net,293,Krasnov,@Kseniia_seo_links
gamesroid.com,166,RedHeads,@Kseniia_seo_links
,1621,,
Розміщення 4 посилань zhenia_krasnov (10),1170,Krasnov,@anastasia_seo_links
Розміщення 8 посилань Redhead (10),1735,RedHeads,@anastasia_seo_links
Розміщення 2 посилань SEOBridge (10),1210,SEOBridge,@anastasia_seo_links
Розміщення 1 посилання Andrey Saltan (10),138,WHL,@anastasia_seo_links
Розміщення 2 посилання @mihsan1998 (10),851,Muhammad Ihsan,@anastasia_seo_links
Розміщення 2 посилання @sofiya_bylina (10),450,RedHeads,@anastasia_seo_links
Розміщення 3 посилання @egene2308 (10),385,Евгений,@anastasia_seo_links
Розміщення 2 посилань @saleswmlinks (10),710,WM Links,@anastasia_seo_links
Розміщення 3 посилань @zhenia_krasnov (11),868,Krasnov,@anastasia_seo_links
Розміщення 1 посилань @sofiya_bylina (11),676,RedHeads,@anastasia_seo_links
Розміщення 6 посилань @SEOBridge (11),1935,SEOBridge,@anastasia_seo_links
Крауд 130 шт,780,LinksClerk,@anastasia_seo_links
Крауд 145 шт,870,LinksClerk,@anastasia_seo_links
Лом 100 шт,1545,LomPirogov,@anastasia_seo_links
Turkey доплата 08,518,SEOBridge,@anastasia_seo_links
Turkey доплата Andrey Saltan (09),326,WHL,@anastasia_seo_links
Розміщення 5 посилань zhenia_krasnov (09),"596,5",Krasnov,@anastasia_seo_links
Размещение 100 сабмитов от Дениса (10),300,Денис,@anastasia_seo_links
Размещение 20 Quora (10),300,Andrew,@anastasia_seo_links
totalfootballanalysis.com,270,SEOBridge,@mykola_seo_links
solopredict.com,305,RedHeads,@mykola_seo_links
thecricketpanda.com,630,WHL,@mykola_seo_links
instander-official.com,160,Avada,@mykola_seo_links
pieandbovril.com,195,Krasnov,@mykola_seo_links
imei24.com,572,RedHeads,@mykola_seo_links
sportsdunia.com,500,Krasnov,@mykola_seo_links
fakedetail.com,391,RedHeads,@mykola_seo_links
honestbettingreviews.com,230,Krasnov,@mykola_seo_links
cricketworld.com,590,SEOBridge,@mykola_seo_links
smiletotalk.com,100,Krasnov,@mykola_seo_links
chelsea.news,600,Krasnov,@mykola_seo_links
anfieldindex.com,367,WHL,@mykola_seo_links
wegreenkw.com,134,RedHeads,@mykola_seo_links
ventsmagazine.co.uk,128,RedHeads,@mykola_seo_links
techylist.com,358,RedHeads,@mykola_seo_links
tensportstv.com,144,RedHeads,@mykola_seo_links
khelnow.com,630,WHL,@mykola_seo_links
evpowered.co.uk,325,Евгений,@mykola_seo_links
onlinegooner.com,170,WM Links,@mykola_seo_links
,1207,,
Розміщення 1 посилань @egene2308 (10),198,Евгений,@mykola_seo_links
Розміщення 1 посилань @egene2308 (11),325,Евгений,@mykola_seo_links
Розміщення 1 посилань @fellowlinkbuilder (11),160,Avada,@mykola_seo_links
Розміщення 1 посилань @saleswmlinks (11),170,WM Links,@mykola_seo_links
Крауд 19 шт (10),114,LinksClerk,@anastasia_seo_links
,"Витрати факт: 1840,00$",,@mykola_seo_links
tensportstv.com,144,RedHeads,@mykola_seo_links
totalfootballanalysis.com,270,SEOBridge,@mykola_seo_links
instander-official.com,160,Avada,@mykola_seo_links
anfieldindex.com,274,WHL,@mykola_seo_links
honestbettingreviews.com,330,Krasnov,@mykola_seo_links
fakedetail.com,391,RedHeads,@mykola_seo_links
qszilla.com,273,WHL,@mykola_seo_links
sportsdunia.com,500,Krasnov,@mykola_seo_links
thecricketpanda.com,630,WHL,@mykola_seo_links
techylist.com,358,RedHeads,@mykola_seo_links
imei24.com,572,RedHeads,@mykola_seo_links
evpowered.co.uk,325,Евгений,@mykola_seo_links
smiletotalk.com,100,Krasnov,@mykola_seo_links
ventsmagazine.co.uk,128,RedHeads,@mykola_seo_links
thehansindia.com,450,Krasnov,@mykola_seo_links
chelsea.news,600,Krasnov,@mykola_seo_links
thewesthamway.com,262,RedHeads,@mykola_seo_links
solopredict.com,305,RedHeads,@mykola_seo_links
khelnow.com,630,WHL,@mykola_seo_links
cricketworld.com,590,SEOBridge,@mykola_seo_links
,1001,,
Крауд 40 шт (11),354,LinksClerk,@anastasia_seo_links
Розміщення 1 посилань @egene2308 (11),325,Евгений,@mykola_seo_links
Розміщення 1 посилань @fellowlinkbuilder (11),160,Avada,@mykola_seo_links
,"Витрати факт: 0,00$",,@Kseniia_seo_links
,145,,@Kseniia_seo_links
,430,,@Kseniia_seo_links
,225,,@Kseniia_seo_links
,285,,@Kseniia_seo_links
,275,,@Kseniia_seo_links
,225,,@Kseniia_seo_links
,225,,@Kseniia_seo_links
,180,,@Kseniia_seo_links
,220,,@Kseniia_seo_links
,350,,@Kseniia_seo_links
,500,,@Kseniia_seo_links
,40,,@Kseniia_seo_links
,60,,@Kseniia_seo_links
,320,,@Kseniia_seo_links
,250,,@Kseniia_seo_links
,,,@Kseniia_seo_links
,,,@Kseniia_seo_links
,0,,
,,,@anastasia_seo_links
,,,@anastasia_seo_links
,"Витрати факт: 2514,00$",,@Kseniia_seo_links
justshowbiz.net,165,Евгений,@Kseniia_seo_links
leamingtonobserver.co.uk,274,Евгений,@Kseniia_seo_links
reflectu.in,70,Евгений,@Kseniia_seo_links
watchdoguganda.com,115,WM Links,@Kseniia_seo_links
matchedbettingblog.com,500,Евгений,@Kseniia_seo_links
thehansindia.com,503,Krasnov,@Kseniia_seo_links
humansofglobe.com,200,Krasnov,@Kseniia_seo_links
unigreet.com,221,Евгений,@Kseniia_seo_links
solopredict.com,305,RedHeads,@Kseniia_seo_links
wegreenkw.com,134,RedHeads,@Kseniia_seo_links
gistreel.com,380,SEOBridge,@Kseniia_seo_links
bulawayo24.com,175,SEOBridge,@Kseniia_seo_links
evpowered.co.uk,430,SEOBridge,@Kseniia_seo_links
ventsmagazine.co.uk,241,RedHeads,@Kseniia_seo_links
dailypost.ng,125,SEOBridge,@Kseniia_seo_links
afootballreport.com,225,SEOBridge,@Kseniia_seo_links
totalfootballanalysis.com,470,SEOBridge,@Kseniia_seo_links
luxurylifestylemag.co.uk,470,SEOBridge,@Kseniia_seo_links
,712,,
Розміщення 1 посилань @saleswmlinks (11),115,WM Links,@anastasia_seo_links
Розміщення 5 посилань @egene2308 (11),1207,Евгений,@anastasia_seo_links
Крауд 80 шт (11),480,LinksClerk,@anastasia_seo_links
,,,@Kseniia_seo_links
,,,@Kseniia_seo_links
,,,@Kseniia_seo_links
,,,@Kseniia_seo_links
,,,@Kseniia_seo_links
,,,@Kseniia_seo_links
,,,@Kseniia_seo_links
,,,@Kseniia_seo_links
,,,@Kseniia_seo_links
,,,@Kseniia_seo_links
,,,@Kseniia_seo_links
,,,@Kseniia_seo_links
,,,@Kseniia_seo_links
,,,@Kseniia_seo_links
,,,@Kseniia_seo_links
,,,@Kseniia_seo_links
,,,@Kseniia_seo_links
,,,
,,,@anastasia_seo_links
,,,@Kseniia_seo_links
,,,@Kseniia_seo_links
,,,@Kseniia_seo_links
,,,@Kseniia_seo_links
,,,@Kseniia_seo_links
,,,@Kseniia_seo_links
,,,@Kseniia_seo_links
,,,@Kseniia_seo_links
,,,@Kseniia_seo_links
,,,@Kseniia_seo_links
,,,@Kseniia_seo_links
,,,@Kseniia_seo_links
,,,@Kseniia_seo_links
,,,@Kseniia_seo_links
,,,@Kseniia_seo_links
,,,@Kseniia_seo_links
,,,@Kseniia_seo_links
,,,@Kseniia_seo_links
,,,@Kseniia_seo_links
,,,@Kseniia_seo_links
,,,
,,,
,"Витрати факт: 5886,00$",,@Kseniia_seo_links
,55,Евгений,@Kseniia_seo_links
yeniduzen.com,74,Евгений,@Kseniia_seo_links
,206,Евгений,@Kseniia_seo_links
uyan32.com,431,Евгений,@Kseniia_seo_links
son32.com,431,Евгений,@Kseniia_seo_links
,448,RedHeads,@Kseniia_seo_links
tensportstv.com,144,RedHeads,@Kseniia_seo_links
fameblogs.net,245,NL,@Kseniia_seo_links
seattlesportsonline.com,210,NL,@Kseniia_seo_links
yurtgazetesi.com.tr,326,Евгений,@Kseniia_seo_links
dailypost.ng,125,SEOBridge,@Kseniia_seo_links
afootballreport.com,225,SEOBridge,@Kseniia_seo_links
iharare.com,380,SEOBridge,@Kseniia_seo_links
techarena.co.ke,145,SEOBridge,@Kseniia_seo_links
auralcrave.com,200,SEOBridge,@Kseniia_seo_links